,r2,r,MAE,MSE,RMSE
0,-0.006770076420926352,,0.11273936856092297,0.02033530392591716,0.1426019071608692
1,0.04405428842798407,0.20989113470555174,0.10990219536481156,0.018969733618336437,0.13773065605861476
2,0.0830089989075552,0.28811282322651866,0.12066962310578493,0.021663227512101542,0.14718433174798717
3,0.01937820661640992,0.13920562710037954,0.12003245151741752,0.02277654968900379,0.1509190169892575
4,0.1433122437117475,0.3785660361307489,0.11626069007443585,0.021362121490478538,0.14615786496278105
5,0.27120520970546413,0.5207736645659649,0.10542287872226172,0.01739939922652927,0.1319067823371083
6,0.015396866473423665,0.12408411047923769,0.11074937051930397,0.018804020142679945,0.13712775117633902
7,-0.024114196232944883,,0.11451539559770833,0.019734356500805367,0.140479025127616
8,0.052773507445177725,0.229724851605519,0.101015843838735,0.017377034346932173,0.13182197975653442
9,0.1859323583035332,0.4311987457119202,0.1001255300502849,0.015285312214014437,0.12363378265674167
10,0.20508080357534747,0.4528584807369157,0.121349198991862,0.024187253001604108,0.15552251605990725
11,-0.0994349658361751,,0.12336701121401114,0.022548580759807195,0.15016184854951406
12,0.07768883462410694,0.27872716879433723,0.10969500831467878,0.018861362169056282,0.13733667452307224
13,0.07315192331895755,0.2704661223128648,0.11411148285051369,0.020520904852702446,0.1432511949433667
14,-0.002960582916301524,,0.12926742732279511,0.025600173448127494,0.16000054202448033
15,-0.01063750418969014,,0.12575667869706286,0.024921901343661436,0.15786672019036005
16,0.11407179510087755,0.33774516295704005,0.11669035416470275,0.022030213923158192,0.14842578591052902
17,0.1242013582859712,0.3524221308118592,0.1171650794784693,0.021453219261890075,0.1464691751253146
18,0.16622575319728902,0.4077079263361077,0.1121689726416383,0.01894535140984623,0.1376421135039935
19,0.12876195639721283,0.3588341628067384,0.10682088724535291,0.017373649310866178,0.13180913970914981
20,0.21085881389342848,0.45919365619902514,0.10380120196751219,0.016094431114483408,0.12686382902341947
21,0.030112064492739,0.1735282815357168,0.11995684072907062,0.021740498916514327,0.1474465968292057
22,0.170394972701239,0.4127892594305707,0.11100648568081635,0.019741535816187504,0.1405045757838068
23,0.1396314892976085,0.3736729710557194,0.10427243728944584,0.016366768960216983,0.12793267354439594
24,0.10128209536184296,0.3182484805334394,0.11312473920654786,0.02042916475060314,0.14293062915485658
25,-0.15746094463249277,,0.1114661940785469,0.01974532650616939,0.14051806469692568
26,-0.014916180703929105,,0.10249866100660046,0.016525014784479885,0.12854965882677358
27,0.0061875139735867,0.07866075243465892,0.10386097640769702,0.017690534204166174,0.1330057675597798
28,-0.014477175487701843,,0.12258752286556555,0.02277571943292928,0.15091626629667618
29,0.1883918344763247,0.43404128199553177,0.10746934980291009,0.018355037766497034,0.13548076530082429
30,0.08824347121808937,0.2970580266851737,0.1062433445154444,0.017468250668896644,0.13216750988384643
31,0.2284423374196008,0.4779564179081612,0.10334328563719482,0.016969075823274553,0.13026540532034803
32,-0.2468912738852571,,0.09848706366002306,0.016003126893864628,0.12650346593617356
33,-0.006207610270830233,,0.10936612080662675,0.01847320292909122,0.13591616139772056
34,0.0398288668890169,0.1995717086388171,0.10082679616708048,0.015761830459816516,0.12554612881254648
35,0.21740329940639325,0.46626526720997913,0.11903312609568713,0.01997267520987625,0.1413247154954725
36,-0.05657458174058487,,0.1327720679264416,0.02595258670254898,0.16109806548357117
37,0.1883588556243459,0.43400328987733017,0.10987874906376616,0.01849265079706753,0.1359876861964624
38,0.022728712583976195,0.15076044767768565,0.10392618759108493,0.017267944312113016,0.1314075504379905
39,0.22646644234462365,0.47588490451434123,0.09826509518333423,0.01573763928021836,0.1254497480277197
40,-0.01694784806426992,,0.10312695947011444,0.017080145554594507,0.13069103088810077
41,0.012379412689672265,0.1112628091038163,0.11526982294041359,0.02053365222060637,0.14329568109544114
42,-0.051431786972422164,,0.10816846973362862,0.018455390864982983,0.1358506196709569
43,0.04311055143969691,0.207630805613466,0.112687489199265,0.018596679322123784,0.13636964223068046
44,0.08864632178849527,0.2977353217011634,0.11619084436388798,0.020665522257938367,0.14375507732924903
45,-0.17912468735388623,,0.1461394146464165,0.031611189453081626,0.17779535835640262
46,-0.24638505903999314,,0.1465462857788208,0.031221350851746682,0.1766956446881096
47,0.3558111794817302,0.5964991026663243,0.10669659739825779,0.01698510699887954,0.1303269235379994
48,0.027696225892583914,0.1664218311778353,0.11499062394049109,0.01976439385051251,0.1405858949201964
49,-0.1943874200625638,,0.11986599742139237,0.02164396767346293,0.14711888958751332
50,0.11646599534870275,0.3412711463758733,0.12274679328861979,0.02295037411600298,0.15149380883720293
51,0.24743518624782163,0.49742857401623164,0.11045898645210055,0.01930627162058072,0.13894701011745708
52,-0.046048389279267174,,0.11870390603516771,0.02310172216826186,0.1519925069477501
53,0.06534415649898591,0.2556250310493593,0.11779278602617409,0.02055363499824316,0.14336538982000907
54,0.06739792661500991,0.259611106493944,0.11943033134400376,0.020897517678754945,0.14455973740552708
55,-0.06807886388608346,,0.11553215061905542,0.020362132624239117,0.1426959446664099
56,-0.11845715352062477,,0.12491593790242865,0.02259739493609859,0.15032429922038085
57,-0.04448452553416793,,0.127750282447906,0.025712495382228008,0.16035116270931124
58,0.09934463160268528,0.3151898342311904,0.10701127502889762,0.017857294573610134,0.13363118862604692
59,0.06302265259889606,0.25104312896173053,0.10390645717129712,0.017722571412199333,0.1331261484915692
60,-0.012142929843056937,,0.12411035037593306,0.024166474741018358,0.1554557002525747
61,-0.08482131895341975,,0.12300949995105914,0.0232063300365111,0.1523362400629315
62,0.059277022911125396,0.24346873086933649,0.12122640768997375,0.02289633863441399,0.15131536152821362
63,-0.04240919908324305,,0.09658960591721369,0.014638211912737023,0.12098847842971257
64,-0.024882516616774163,,0.10959139978002772,0.018758999576600686,0.13696349724142082
65,0.10391298995085585,0.32235537834951017,0.1182962857274373,0.021865015262230978,0.14786823615040176
66,-0.16113372771082246,,0.12544255195944054,0.025365057483185693,0.15926411235173382
67,0.1208547689264409,0.34764172495033,0.10041725198211164,0.01571415809863307,0.1253561250942014
68,-0.09051022832416016,,0.10511323460717817,0.01670278372277858,0.12923924993119768
69,0.1941119611334669,0.440581389908229,0.10592726122716649,0.017197118764387093,0.1311377854181894
70,-0.07656459510832528,,0.10839224853405871,0.019748316716801436,0.14052870424508096
71,0.16811722907360244,0.4100210105270246,0.09706549724097864,0.014651866362936066,0.12104489399778938
72,-0.08177212345883886,,0.11146832735034433,0.020351425822323656,0.1426584235939948
73,0.10745771498056234,0.32780743582256083,0.09786997879647993,0.014957506847749578,0.12230088653705491
74,0.1969367511608909,0.44377556395197215,0.09325398489625839,0.013053866818894302,0.11425351994093794
75,0.08880960275767329,0.2980094004518537,0.10465914721876708,0.01831505916704092,0.13533314142160788
76,-0.04398026064264056,,0.11430594299789823,0.0200582332855951,0.1416270923432205
77,0.15731505730172685,0.39662962232002646,0.11629396035072107,0.020915113186327373,0.14462058354994758
78,0.08169820426409143,0.28582897729952333,0.11563127245861674,0.02170249039821004,0.14731765134636798
79,0.11684763534759528,0.3418298339051103,0.09798531149190834,0.014713907188766829,0.12130089525129989
80,-0.03152102014371536,,0.11844678708280802,0.02313980127549591,0.15211772176671562
81,0.13493501204991007,0.36733501337322866,0.09561045086469852,0.015040553310958483,0.1226399335899954
82,0.11796660501027237,0.3434626690198985,0.10472983583347902,0.018291920674971787,0.1352476272434078
83,0.19444688413662595,0.4409613181863302,0.10331945392665862,0.016030305652391833,0.12661084334444594
84,0.15907701141353883,0.3988445955676707,0.11813081275332064,0.021497832196026002,0.14662139064961158
85,-0.06918645000282413,,0.1033938771964441,0.019303348998876754,0.1389364926823646
86,0.04958914086045454,0.2226861936907058,0.09185935045518563,0.012004263461826297,0.10956396972466038
87,0.096443928803052,0.3105542284417522,0.11539060906520404,0.02126797092603807,0.14583542411238112
88,0.07815630583492963,0.27956449315842963,0.10193395674872394,0.015985285654467916,0.12643292947040308
89,0.11891128721613264,0.34483515948367655,0.1207494834011467,0.022172450806662875,0.14890416651881463
90,0.12184960977126227,0.34906963455915535,0.12028118424601845,0.021250977866816134,0.14577715138805578
91,0.1499675583413398,0.38725645035472267,0.1192301950233496,0.02219550407274864,0.1489815561495739
92,-0.1530144549341296,,0.13135834618161574,0.02730201306460841,0.165233208116917
93,-0.34749074722959605,,0.1273291627546329,0.025048455852661494,0.15826703969134412
94,0.0015388202850225464,0.03922779990035825,0.11867206652340927,0.021319550673347173,0.14601215933389647
95,0.1972634559588295,0.44414350829301724,0.12119296008678215,0.020645051258811407,0.14368385872745557
96,0.20642580490021106,0.45434106671113395,0.10998009904819032,0.018444229811969044,0.13580953505541885
97,0.3190115264519165,0.5648110537621555,0.10348491031461034,0.01639058167719514,0.1280257070950797
98,-0.002839233022044296,,0.12167157049698066,0.02550533510482262,0.15970389821423464
99,-0.0050837587912687665,,0.12187362229347469,0.022959541900989606,0.15152406376872818
100,-0.041355975301265314,,0.10620978362033695,0.01790765774055735,0.13381949686259229
101,0.16198891954078307,0.40247847090345473,0.11081293755020163,0.018909973854811822,0.13751354062350304
102,0.09513137947964727,0.30843375217321345,0.10740441017556121,0.018423108594812554,0.13573175234561938
103,-0.001030253104899237,,0.10801336837473523,0.01855417169260761,0.13621369862318405
104,0.14099075084272966,0.3754873511088352,0.11666704152319977,0.02099316197831807,0.14489017212467542
105,0.19201682707275186,0.4381972467653715,0.10313631453482364,0.01696302063540213,0.13024216151232337
106,-0.1327015326597506,,0.1095549293112772,0.017706566632097374,0.13306602358264627
107,0.14136055307598075,0.37597945831651597,0.12461129080276637,0.024070887081618492,0.15514795223147
108,-0.08176441201396448,,0.1130230560836933,0.020767140322034448,0.14410808555398427
109,0.14653979433382197,0.38280516497798456,0.11314025534421286,0.018596714601209357,0.13636977158156918
110,0.2518089709551141,0.5018057103651912,0.11072347036880976,0.017764878421686572,0.13328495197015516
111,-0.02803634843812346,,0.11366707621334379,0.021508794097331165,0.14665876754333906
112,0.020292571901238808,0.14245199858632665,0.1263419774238921,0.024469080178947132,0.1564259574973001
113,-0.12605882423924605,,0.12984807599988404,0.025329978555490983,0.15915394608834235
114,0.04231451542561049,0.20570492319244693,0.11980550767930824,0.023149860394219398,0.15215078177327712
115,0.08535663398074748,0.29215857677081375,0.11737831284173436,0.02110323928039453,0.14526954009837895
116,0.184773183035803,0.4298525131202597,0.12051340583045847,0.023105482546419278,0.1520048767192003
117,-0.0389307817347744,,0.11619122441403602,0.020135897765364938,0.14190101396876958
118,0.04148892559528461,0.20368830500371055,0.10919798092992265,0.0187001101630744,0.13674834610727254
119,0.06386340274004543,0.2527120945662186,0.1077836110291837,0.018126453601854865,0.1346345186118882
120,0.03129247726403239,0.17689679834308022,0.1050590833277815,0.016712836078345904,0.12927813457172835
121,0.09691055785585298,0.31130460622331463,0.11441775315720903,0.021238232300382912,0.14573342890491156
122,0.08599479825774295,0.29324869694125316,0.11464764765561104,0.019970568856122035,0.14131726312139659
123,0.145021112884314,0.38081637685939135,0.10555527628997463,0.018007741235060937,0.13419292542850736
124,0.03923297083306356,0.1980731451587104,0.10389914706939721,0.01690109232593924,0.130004201185728
125,0.24660114180783282,0.4965895103683049,0.10277252566451447,0.01630882939629759,0.12770602725125227
126,0.15180935243619864,0.3896271967358011,0.10530055722319805,0.01711279046920262,0.13081586474584272
127,0.043762768839306035,0.20919552777080594,0.1114397821938933,0.020054848477389024,0.14161514211901574
128,0.18590875729679796,0.43117137810480644,0.11919826914466028,0.021334638803974727,0.1460638175729182
129,0.11607282159630108,0.34069461633008097,0.1306990045865562,0.025950319765907254,0.16109102943959125
130,0.009508353804799419,0.09751078814571965,0.10582766636834792,0.01670811731555013,0.12925988285446544
131,0.04544931805768715,0.21318845667082248,0.12754381210057814,0.025032230032926595,0.15821577049373617
132,0.0656482199480775,0.2562190858388139,0.11430074673378612,0.019542933379730395,0.13979604207462526
133,0.0936067979409509,0.30595228049640505,0.11813092033216895,0.0218601529089477,0.14785179372921958
134,-0.12580763238242634,,0.11095138159571138,0.01966543408455015,0.14023349843938912
135,0.027699077578346155,0.16643039860057462,0.12195285259864855,0.022623792369605464,0.1504120752120835
136,0.06766972636570408,0.2601340546058975,0.10507565241047365,0.01768467743328562,0.13298374875632593
137,0.06427471865891565,0.25352459182279663,0.104284578934007,0.017225094676302285,0.1312444081715571
138,0.04596672850809893,0.21439852729927725,0.11687257265787061,0.02102352578083821,0.14499491639653514
139,0.12033966109754288,0.34690007364880004,0.11985480719455961,0.021065379727160192,0.14513917364777915
140,0.014753797038318583,0.12146520916838115,0.09547992740739349,0.015265563943706498,0.12355389084810926
141,-0.06350916195749083,,0.11089489865326856,0.017826764634656666,0.13351690767336047
142,0.05684984603767344,0.23843205748739713,0.10732352044243512,0.017405015660961566,0.13192807002666856
143,-0.0708901808125092,,0.12625486238468314,0.024793587742767964,0.15745979722700001
144,-0.06707609222743618,,0.10997376445069199,0.01829121136599745,0.1352450049576599
145,0.16077937163779438,0.40097303106043725,0.09715193750194007,0.015305325046835624,0.12371469212197726
146,0.311603800397262,0.5582148335517984,0.10153092453914236,0.015559111231132083,0.12473616649204866
147,0.005602991958353365,0.07485313592865275,0.1115413021944475,0.01904650965014847,0.13800909263576971
148,-0.04784257517862456,,0.11594209095383576,0.022609165166583397,0.15036344358448098
149,0.20011573682265316,0.4473429744867501,0.11202891970893725,0.019349529238288636,0.13910258530411515
150,0.09529236518578868,0.30869461476642035,0.10299373721639711,0.017090248739667503,0.13072967811353128
151,0.0443567112439696,0.21061033033536034,0.10835571739858282,0.019239574982427458,0.13870679501173494
152,0.1615787455559756,0.401968587772696,0.11310221710142625,0.01945632888493226,0.13948594511610216
153,0.11920787346863819,0.34526493228915994,0.11668892080299176,0.020766142348213324,0.14410462292450343
154,0.10873270223957335,0.32974642111715685,0.10803485466591742,0.01778945604414423,0.13337711964255425
155,0.14313938928235187,0.3783376656934277,0.11724624180433377,0.020367335744193416,0.14271417499391367
156,-0.016793234722751293,,0.11210204619562569,0.02032276472258224,0.1425579346181132
157,0.13439240418849563,0.36659569581283363,0.10587748798534205,0.016895592424609165,0.129983046681516
158,0.15829748153747497,0.3978661603321838,0.1029004442886757,0.016517735233925652,0.1285213415504431
159,0.078980432998184,0.28103457616134,0.11632943679041759,0.020629968942382983,0.1436313647584781
160,0.46901513870019357,0.6848467994377966,0.09512234219270266,0.013886807412563349,0.11784229891071944
161,0.25432749223168105,0.5043089253936331,0.10803504852779056,0.01714252945620331,0.13092948276153585
162,0.07604443109502834,0.2757615475279836,0.11889449758645391,0.021910839090203457,0.14802310323123027
163,-0.06395517028654363,,0.10312179746957902,0.016351063573389536,0.12787127735887185
164,0.10560641215764317,0.32497140206123243,0.10820228153746683,0.018569021283959063,0.13626819615728045
165,0.11913319122960384,0.3451567632679444,0.11727970145351665,0.02131323066550429,0.14599051566969784
166,-0.03664484337036851,,0.10890762738996737,0.020219745475322088,0.14219615140826453
167,0.0650489271769659,0.2550469117181502,0.1223517786334275,0.02178943396279972,0.14761244514877367
168,0.03476920246287822,0.1864650167266724,0.1305274600336626,0.02582018888671416,0.16068661701185374
169,-0.006434930721371667,,0.10002196824443554,0.01579670441585082,0.12568494108623682
170,0.1979292251672743,0.44489237481358823,0.09699474248286157,0.01593187080277248,0.12622151481729443
171,0.20401923851300774,0.45168488851522115,0.10806757382403762,0.017111629768125962,0.13081142827798328
172,0.008469410516987397,0.09202940028592708,0.12495931036073435,0.024199975939955314,0.1555634145291087
173,0.1334811482752026,0.36535071954931553,0.10807749492000207,0.018084243750227724,0.13447767008030637
174,0.027367927855338037,0.16543254775085234,0.10920810785800343,0.018364781780462185,0.1355167214053756
175,0.01951752109356535,0.13970512193031917,0.13621499933131298,0.028058446487206824,0.1675065565499059
176,0.009621588280740579,0.09808969507925172,0.10225391017644574,0.015967379897469585,0.12636209834230194
177,0.06762546172523538,0.26004896024640317,0.09942326004034306,0.015396519944567987,0.12408271412476432
178,0.21742641252128087,0.46629005192184925,0.11087622350520729,0.01823866301068963,0.13505059426263044
179,0.014628323942248911,0.12094760825352815,0.10498005395875938,0.018111067095663173,0.1345773647225386
180,-0.13746621229669204,,0.13924633118658974,0.02947256161844261,0.17167574557415677
181,-0.04014870854057049,,0.09983201265313532,0.01667830972112571,0.12914453035698303
182,0.09684329250034096,0.3111965496279497,0.1120920125674929,0.01877421482950095,0.13701903090264853
183,0.05616781280946601,0.2369974953653857,0.10557536955011593,0.017024635364112157,0.1304784862117589
184,0.06344188540470685,0.25187672660392196,0.11844052362131026,0.022692799759021737,0.15064129499915266
185,0.025754544765988308,0.16048222570112963,0.13118370255729378,0.02605625486095297,0.16141949963047517
186,0.1563621611088713,0.3954265558973895,0.11240421195295233,0.018938548400996496,0.13761739861295336
187,0.1455009716268512,0.38144589606764834,0.10877924936890879,0.0177114267326769,0.1330842843189116
188,0.228057203102569,0.47755335105364827,0.11325623912674136,0.019554763375002983,0.13983834729788172
189,0.24314920164286277,0.49310161391224705,0.10484040950860549,0.016700606767093333,0.1292308274642445
190,0.210730947366717,0.4590544056718299,0.09783783265239804,0.01454419195061359,0.12059930327582158
191,0.25021748493060614,0.5002174376514739,0.09722503726815533,0.01479761672407021,0.12164545500786378
192,-0.14327266301135225,,0.1252946920036187,0.02440234046752201,0.1562124849924679
193,0.07502192076326457,0.2739012974837187,0.12785500135566152,0.02471425496595165,0.15720768100176163
194,0.09140065231752174,0.3023254079919876,0.11517826135625064,0.021792731517833622,0.1476236143638057
195,-0.024898349284448652,,0.1234528596032817,0.023344072874108494,0.15278767252009728
196,0.09346215861077792,0.3057158134784295,0.10273137868649618,0.015732575633276347,0.12542956443070488
197,-0.0651350644955273,,0.09818903102545143,0.01520587262689257,0.12331209440639863
198,0.15698971004407036,0.39621927015740965,0.09153427516595405,0.013179340366664322,0.11480130820972521
199,-0.015541223788511482,,0.11294442594673348,0.021626386852481225,0.1470591270628288
200,0.06522113939722249,0.2553842974758285,0.11114362289904307,0.020386108556403913,0.14277993050987212
201,-0.08066472697101108,,0.11356236093464647,0.019960375755512808,0.1412811939201846
202,0.248103475845038,0.4980998653332864,0.10316919714342268,0.016953628258339116,0.1302060991595214
203,0.1316206258640979,0.3627955703479549,0.10863186657685113,0.018428250323196435,0.13575069179638252
204,0.09046472199584792,0.30077353938777246,0.10553125726622181,0.016784911349072472,0.12955659515853477
205,0.015393819464459701,0.12407183187355501,0.1084822054824109,0.017472521100800928,0.1321836642736194
206,0.05358362479921106,0.23148137030700994,0.1108134397395596,0.019750314590562194,0.14053581248408603
207,0.12766450062644658,0.357301694127591,0.11309335643562621,0.020200655979187604,0.1421290117435128
208,-0.012229642630122207,,0.10237053731725836,0.016376952487008312,0.12797246769132925
209,0.15978057439275,0.39972562388812405,0.09449257912228087,0.014656895775719872,0.12106566720470288
210,0.05709251784218894,0.23894040646610806,0.12280054662678226,0.022548909953801162,0.1501629446761123
211,-0.04954846016944074,,0.13223307223123487,0.02714621207695107,0.164761075733776
212,-0.15098580910034345,,0.11951162978404554,0.022178441574299955,0.14892428134558836
213,-0.023313068277231185,,0.11075898950504995,0.0180435882333605,0.13432642418139665
214,-0.3676324473466444,,0.13945745268545678,0.029103216011509874,0.17059664712857012
215,0.26355912650699836,0.5133800994458184,0.10727719731223521,0.0174526164880731,0.13210835131842763
216,-0.11261506923163296,,0.11110522877776059,0.01945059101929174,0.1394653757005363
217,0.013401237761047957,0.11576371521788663,0.10848718089118574,0.018876946102273216,0.13739339904912906
218,-0.01426886710581241,,0.11320314611732954,0.02003245895090954,0.1415360694342949
219,-0.05831949619794017,,0.12098091949921744,0.023054874658180218,0.1518383174899545
220,0.013246024598889017,0.11509137499782082,0.118775443354872,0.02153168910014048,0.1467368021327318
221,-0.02202717976791524,,0.12068214068659404,0.02167133341847541,0.1472118657529868
222,0.11495932713662053,0.33905652498753147,0.121959425394975,0.021690027883489484,0.14727534716811733
223,0.08366921682371804,0.28925631682595637,0.10221746133681756,0.017332763287542127,0.1316539527987752
224,0.29259429584200597,0.5409198608315339,0.1261704244218944,0.02451625997415073,0.15657669039212296
225,-0.1926335079347762,,0.12617294902076065,0.026097163434844917,0.16154616502673444
226,0.12043377184225232,0.3470356924615281,0.11739416356713783,0.020905760273145342,0.14458824389674751
227,0.15840204490973464,0.3979975438488718,0.11296165291637916,0.018788721439388832,0.1370719571589639
228,-0.16967790431127394,,0.11344565621190505,0.019205571729719262,0.13858416839494786
229,0.10017005008748207,0.31649652460569305,0.10475268431656279,0.017291010603208416,0.13149528738022673
230,-0.01291920613070916,,0.11087084958483011,0.01957871670628091,0.13992396759054865
231,0.1610030605854201,0.40125186676876673,0.09782153071534996,0.01561395116981405,0.12495579686358713
232,0.2040076966689,0.4516721119007681,0.11162344528732841,0.01918481236296501,0.13850925009891943
233,-0.09237749604323889,,0.11255149046661195,0.019837506123785646,0.14084568194937908
234,0.059363153291704475,0.24364554847504288,0.11049733581327885,0.019814381804835114,0.14076356703648538
235,0.2381868754710208,0.4880439278087791,0.10670109309040968,0.01892249695393349,0.1375590671454757
236,-0.11302699057948178,,0.12773910094589652,0.025642639096426435,0.1601331917387099
237,-0.020718227946248093,,0.11352757336882835,0.019451344191250382,0.13946807588566776
238,0.026334897671982826,0.1622803058660626,0.09938285487514364,0.01546866436172829,0.12437308535904498
239,0.16434149815940574,0.40539055016046655,0.10323372046637762,0.016196963868850098,0.1272672930051162
240,0.12891192763561157,0.3590430721175547,0.09328911798636204,0.014084401499182353,0.11867772115768972
241,-0.028194174665594884,,0.12752187717952748,0.02477476423565112,0.1574000134550538
242,-0.04054521959314781,,0.10833585979613951,0.01720637860468161,0.13117308643422862
243,-0.10478797300351465,,0.13850759702280818,0.03020054945694548,0.17378305284735185
244,-0.10988347170082342,,0.11607723245323391,0.021958333355300824,0.14818344494342417
245,0.09783649558272749,0.3127882599822562,0.1179041533146695,0.02186263217761869,0.147860177795168
246,0.016995786031970005,0.13036788727278664,0.1051051931389851,0.018030454390087006,0.13427752749468916
247,0.05889559684162515,0.24268415037168198,0.1164389261917543,0.02220878031922978,0.14902610616677125
248,-0.01718434713465302,,0.11813374988381634,0.02229277369827113,0.14930764782244454
249,0.02131777185096797,0.14600606785667494,0.11004392298968238,0.019275830364562145,0.13883742422186515
250,-0.005103164930971471,,0.11875864917082697,0.02174682653873821,0.14746805260373588
251,0.13141518214524484,0.362512319990983,0.10323589579130421,0.016044711695940073,0.126667721602388
252,0.28653750559751534,0.5352919816301337,0.09793158807547489,0.0158343977170312,0.12583480328204594
253,0.14894173762805699,0.38592970555278194,0.10405672769547865,0.016334642832554567,0.12780705314087548
254,-0.21046266527155072,,0.13567159674586718,0.027903926540985325,0.16704468426437677
255,0.1416048545468588,0.3763042047956132,0.0937468973162873,0.014628869048201631,0.1209498617122055
256,0.17117240758220229,0.4137298727215649,0.10093763057659447,0.016101415230398274,0.1268913520709677
257,0.010090135563461344,0.10044966681607931,0.08954970920485841,0.012709333455025987,0.11273567960067472
258,-0.009224040496602193,,0.10508082741809455,0.017202706833375957,0.1311590897855576
259,0.043262370694545506,0.20799608336347467,0.09800767252654784,0.014842495427630092,0.1218297805449476
260,-0.0039032829031957926,,0.10364837621928007,0.015848185317739287,0.12588957588990157
261,-0.1302987436532094,,0.11575811402959688,0.021032513796675072,0.14502590732925988
262,0.2650082958505388,0.5147895646286342,0.10878233798834432,0.017728618716450432,0.13314885923826172
263,-0.07474941018606733,,0.12331876028174471,0.024007966273924132,0.1549450427536297
264,0.06620652828558242,0.25730629274384725,0.11548745786728006,0.020839938108800925,0.14436044509768223
265,0.05471528270125463,0.2339129810447779,0.10299318090773713,0.017029179014220304,0.13049589654169325
266,0.07644852695094635,0.2764932674604327,0.12295653257701848,0.02351920179817398,0.15335971373921503
267,0.13440438501520696,0.36661203610248116,0.10076943551077225,0.015357946938714118,0.1239271840183344
268,0.2660919558616289,0.5158410180100347,0.12387579562456652,0.022475419788715152,0.149918043572864
269,-0.1194985965522977,,0.11793500502870229,0.022911115048629343,0.15136418020334053
270,-0.2103321671393959,,0.14154833570900233,0.02999294986383503,0.17318472757098136
271,0.1950409677376041,0.44163442770871486,0.0975718151899888,0.014477937913148387,0.1203243030860698
272,0.15310663450619327,0.39128842879159265,0.12655937826219246,0.022897720722478733,0.15131992837190592
273,0.16049555974892815,0.40061897078012687,0.10901040331725069,0.018239939494331787,0.13505532012598315
274,-0.027752097653101916,,0.11669409185947369,0.02122286220356349,0.14568068576020465
275,0.12225628548911815,0.3496516630721469,0.09868371985845938,0.014921214653517789,0.1221524238544524
276,0.021795324547878157,0.14763239667457193,0.12086498731223119,0.022651758738335588,0.15050501233625274
277,-0.027995833276378577,,0.1286766326194128,0.025707787130713623,0.16033648097271444
278,0.06832232462897873,0.26138539482721435,0.10286078970076888,0.019278325324127245,0.13884640911499024
279,0.09372334926257739,0.3061426942825476,0.1301704889030403,0.025406933064895686,0.15939552398011583
280,0.037622433862961865,0.1939650325779414,0.11905231157926296,0.021966072282361398,0.14820955530046434
281,0.053738893829510956,0.23181650896670616,0.10295241805259478,0.017252655863759403,0.13134936567703479
282,0.06074186536191848,0.24645864838126189,0.10541980149501562,0.017030516679646883,0.1305010217570992
283,0.08252717024111948,0.28727542575222037,0.10441680042786372,0.017319649094227573,0.13160413783094957
284,0.015419342070983211,0.1241746434300627,0.13136234195445096,0.024567245299882367,0.1567394184622438
285,-0.13775433213936605,,0.11318851061458905,0.022460999035363822,0.14986994039954718
286,0.12371972060843314,0.3517381421006729,0.12106343700634284,0.02245745284709676,0.14985810904684724
287,0.11473695028488924,0.3387284314681737,0.09443805575298497,0.014715765088115637,0.1213085532356051
288,-0.03866371496323815,,0.12076427715237814,0.02247829414312546,0.1499276296855435
289,0.1522757371524534,0.39022523899980305,0.10918694210766178,0.01787919892040483,0.1337131217211117
290,0.11770074664548695,0.34307542413511194,0.12260461720307188,0.022420445580509284,0.14973458378246918
291,-0.008134637999231531,,0.1178072098589003,0.021409991527053588,0.14632153473447984
292,0.1309338925138323,0.3618478858772458,0.10407858977084103,0.01603506783850079,0.12662964833916576
293,0.06145890841384447,0.24790907287520655,0.10732990668674076,0.01777515513397984,0.13332349805634353
294,0.03432434417191323,0.1852683032035249,0.09589842685711958,0.013739447125943105,0.11721538775238985
295,-0.014279706824745863,,0.10891966327523743,0.018693375397440315,0.1367237192203325
296,0.012890309122813238,0.11353549719278654,0.1230374725934,0.02168173590879509,0.14724719321194238
297,-0.12556399409011232,,0.11998532996997198,0.020809283268365793,0.14425423137074972
298,-0.2248948187524727,,0.1212446569726104,0.02499972034049858,0.15811299864495196
299,0.10830570270332655,0.3290983176853485,0.10891466107973731,0.019924078485449782,0.14115267792518066
300,-0.07804390172676208,,0.11146903777978039,0.01937968074172214,0.13921092177599478
301,0.11611518092155908,0.3407567767800944,0.10262117027599175,0.015925495606382768,0.12619625828994602
302,0.07638159425501015,0.27637220239201005,0.11422739017846499,0.01907305783866093,0.1381052418942197
303,0.14469457420780868,0.38038740016962796,0.12624322378609878,0.02335849205931169,0.15283485224029134
304,0.281690828151291,0.5307455399259526,0.10377489319225992,0.017008383766421997,0.13041619441780225
305,0.09994948788655904,0.3161478892647538,0.10020795568420504,0.01616229845118407,0.12713102867193388
306,0.08355494235291538,0.289058717828948,0.11464782707846102,0.01936455247029778,0.13915657537571763
307,-0.11734621933515318,,0.11929669534280685,0.0221951900998853,0.14898050241519964
308,-0.06217219684289823,,0.09801075453078312,0.015578783078269312,0.12481499540627845
309,0.06496413370590445,0.2548806263840083,0.12040051075331551,0.02115462892350597,0.14544630941865103
310,0.10947852934470184,0.33087539851838765,0.1183197925371339,0.021211479194819242,0.1456416121677429
311,0.07007759078863014,0.26472172330322674,0.12882366477583665,0.025795017298226162,0.16060827282000814
312,-0.15198329636463534,,0.11447811959355017,0.01910577800539623,0.13822365212001972
313,0.1827677367650074,0.4275134346017765,0.10445984522407543,0.01626326371491606,0.12752750179830255
314,0.046881506715308906,0.21652137704002555,0.11357743314659899,0.02016685455307712,0.1420100508875239
315,0.17185677907776079,0.41455612295292515,0.10348218388696151,0.016389202392067325,0.12802032023107632
316,0.1277917970033218,0.357479785447124,0.11551060255766663,0.019087124108698457,0.1381561584175619
317,0.23452397507279307,0.4842767546277573,0.0940165517411685,0.013132661198901977,0.11459782370927458
318,-0.19332025683279558,,0.11170365948139498,0.018064465727849068,0.13440411350791712
319,0.05416884530566095,0.23274201448312024,0.11239254526662923,0.01847996968194408,0.13594105223200267
320,-0.03637087953501743,,0.13610504522659572,0.028229440165889685,0.16801619018978406
321,0.06779896041724016,0.26038233507141023,0.11919669623621285,0.021326965756594575,0.14603754913238778
322,0.11925822167122144,0.3453378370106893,0.11809898576950831,0.021546235654408975,0.14678636058710964
323,0.12321925264087871,0.35102599994997336,0.12027806800194563,0.020837233788545895,0.1443510782382518
324,0.06543551726709998,0.25580366937770843,0.13337385594177592,0.02543841427969686,0.15949424528708508
325,-0.028306877800689544,,0.1105925454294558,0.018046421682904226,0.13433697064808417
326,0.3111303829937447,0.5577906264842971,0.11830213828971133,0.020202314136474064,0.14213484490607525
327,0.07516683763078305,0.2741657119896342,0.10798693251542142,0.019037070664425067,0.13797489142748062
328,0.09621928264499666,0.31019233169921634,0.12372892657137109,0.023054919242277965,0.15183846430426634
329,0.12648341643754757,0.3556450708748085,0.11014752695531035,0.01858619396710238,0.13633119220157353
330,0.23692005207561997,0.486744339541427,0.1049260357292174,0.016165584513115953,0.12714395193290146
331,0.11128600981682608,0.3335955782333244,0.09610390690049606,0.014382631469010466,0.11992760928581235
332,0.15114466728196402,0.38877328519583754,0.1194189729386399,0.021462014263942716,0.14649919543786824
333,0.019756118685882916,0.14055646084717313,0.12139071554694336,0.02249955478159399,0.1499985159313051
334,0.11490756517999508,0.33898018405209923,0.10983846765688676,0.018563777133749595,0.1362489527803777
335,-0.12027648055075404,,0.12002286066841021,0.023297814000271106,0.1526362145765909
336,0.15950003886253075,0.3993745596085594,0.09570837014154064,0.014489936300261543,0.12037415129612147
337,-0.02243898763236236,,0.09257613296315186,0.01645462779809905,0.12827559315044718
338,0.021568730920760837,0.14686296647133626,0.09628863099519204,0.014036954350956537,0.11847765338221608
339,0.007181260517357213,0.08474231833834388,0.10553924587513723,0.018098062462936906,0.13452903947823647
340,0.06524466178371124,0.2554303462467043,0.12123995925628528,0.020989549541690862,0.14487770546806317
341,-0.09758943137103815,,0.12261937116507411,0.02694336771756491,0.1641443502456448
342,0.06655704690134896,0.25798652465070526,0.10483123390089928,0.017862570798127513,0.13365092890858452
343,0.009358327872046424,0.096738450845806,0.11831533387898736,0.020542389372448566,0.14332616429824865
344,-0.0326525098827807,,0.11091460286958199,0.019843941713660822,0.14086852634162403
345,0.03780516683793829,0.19443550817157418,0.136050936166549,0.027768220376410163,0.16663799199585358
346,0.19261287823328527,0.43887683720297344,0.10241573319180519,0.016473684768753948,0.12834985301415014
347,0.35728328471534654,0.5977317832567937,0.10304263813052512,0.0165500344560769,0.1286469372199622
348,0.10955042975397507,0.33098403247585084,0.1159174713138404,0.02101925348486982,0.14498018307641158
349,-0.10622185163080525,,0.11162603188069824,0.019012874339291726,0.13788717974957543
350,-0.10534614546939229,,0.09588885182316051,0.015744466634756513,0.12547695658867614
351,0.09387237404949336,0.3063859886637987,0.1061860475677798,0.01704811736266929,0.13056843938207
352,0.012138561882912225,0.11017514185564829,0.1174349518571258,0.02136539758256916,0.14616907190842104
353,0.15139168845541306,0.38909084858862086,0.12624700553090418,0.02310629274817165,0.1520075417476766
354,-0.012621501513942101,,0.10434256727281081,0.01805334253447733,0.13436272747483705
355,-0.1537808600504266,,0.11902457146429841,0.021934650759961313,0.14810351366514338
356,0.17257504906250656,0.41542153177526386,0.11409958041312492,0.02046423421617707,0.1430532565731276
357,-0.007837834815090794,,0.109254888079135,0.017717374854799312,0.1331066296425513
358,0.07719230860028818,0.2778350384675917,0.11856578022697029,0.02148539943063912,0.14657898700236374
359,0.06317542014281079,0.25134721033425217,0.1231752064062694,0.02355512655823548,0.1534767948526274
360,0.014556084486633192,0.12064859919051357,0.12496638167831638,0.02346741604752931,0.15319078316768706
361,0.03837956125118451,0.1959070219547643,0.10115944996719169,0.01530176683393367,0.12370031056522723
362,0.015352000578364434,0.12390319034780514,0.12469163570163519,0.022852859512012012,0.15117162270747778
363,-0.03701146738423529,,0.1217465396650254,0.022709756400086017,0.15069756600584502
364,0.1678244703686252,0.40966385045378995,0.11442202428781693,0.02061589614785706,0.1435823671202598
365,0.2441117912899446,0.49407670587667313,0.11686919989038647,0.019797239373740283,0.14070266299448736
366,0.1424388482766213,0.37741071563566037,0.09665684936426334,0.01425083027089329,0.11937684143456506
367,0.09171866303604981,0.3028508924141545,0.11979000375356348,0.021883637028158275,0.14793119018029388
368,0.2542875082924035,0.5042692815276413,0.08551480878823052,0.011236789432022559,0.10600372367055111
369,0.08499348334887998,0.2915364185635818,0.11255232421922642,0.01985174806581829,0.14089623155293504
370,0.1038153109073521,0.32220383440820827,0.10793051462274914,0.017687676399346392,0.132995023964607
371,0.18987550016673424,0.43574705984864,0.1011414543058434,0.015829823803383124,0.12581662769039362
372,0.11520248504079181,0.3394149157606245,0.094183664953676,0.014629837770563347,0.12095386629026518
373,-0.22751245227923497,,0.12482100650321155,0.024459559367295436,0.156395522209862
374,-0.0998736039319554,,0.130019362224989,0.02607536006037055,0.1614786675086544
375,0.1396982918837536,0.3737623467977394,0.1101686551011188,0.0193181421317589,0.13898971951823955
376,-0.1038240908631661,,0.11858659872059525,0.02123966018570346,0.1457383277854644
377,0.13028219369465222,0.36094624765282185,0.1093219873004598,0.01767644459177885,0.1329527908386238
378,-0.056631588292084326,,0.1103380092019645,0.017908974958104684,0.13382441839255152
379,-0.10693307595150332,,0.13199795199101244,0.025604994565847937,0.16001560725706707
380,0.22867596626112308,0.47820075936903644,0.1126552436010709,0.020501942730589886,0.14318499478154087
381,0.18096948737887475,0.4254050862165082,0.08712996516379505,0.012459238153015851,0.11162095749909984
382,-0.07209883230889653,,0.11994785652091758,0.022582919331549912,0.1502761435875632
383,0.016925223772403707,0.13009697833694564,0.11640716843069505,0.020317713808881054,0.14254021821535512
384,-0.03315843090792599,,0.11474560408591006,0.02144264862982381,0.14643308584409404
385,0.15240332714924684,0.3903886872710925,0.10583364346510327,0.016364961000926874,0.12792560729160865
386,-0.23865434484555825,,0.11324523685745613,0.02029890974917516,0.1424742424060404
387,0.1260158327882243,0.35498708819930946,0.11747311754466012,0.021557508752166946,0.14682475524300032
388,0.12613914108332974,0.3551607257050387,0.12361875918418308,0.02183974408658645,0.14778275977456387
389,-0.12445446699107143,,0.11034188861399133,0.019849874978811154,0.14088958435175808
390,0.07791249988137565,0.27912810657720527,0.13388649074394512,0.02507397251232112,0.15834763184942527
391,0.12648254304554551,0.35564384297432383,0.09935454876956822,0.015263923348176184,0.12354725147965123
392,-0.005681512419688395,,0.09783759612522333,0.0157933492060588,0.12567159267733818
393,0.10923457527386624,0.33050654346603525,0.1067418107710516,0.018560968364593162,0.13623864490148588
394,0.12903567069415423,0.3592153542015628,0.11229071873350752,0.018986039866590514,0.1377898394896754
395,0.05046888143785191,0.2246528019808609,0.12644156152198952,0.025194075096447183,0.15872641587475975
396,-0.015128530647441041,,0.10642005953283955,0.01769592220999535,0.13302602080042591
397,-0.03960498395951495,,0.12018260227092896,0.02115811476500909,0.1454582921837359
398,0.08075927863178627,0.2841817704072277,0.1189667254400432,0.020994549798511612,0.14489496125991275
399,0.12518430953147108,0.35381394762144563,0.10947818261894562,0.019491077064175792,0.13961044754664959
400,-0.030086574769702067,,0.09819554427848295,0.015190628923703953,0.12325026946706426
401,0.03373781779724181,0.18367857195993714,0.10488128655698543,0.01647451881744016,0.12835310209511946
402,-0.18085824170759485,,0.1265063273491255,0.02600180670479426,0.1612507572223903
403,0.018511145267419947,0.13605566973639852,0.12683814232285692,0.023679033664504346,0.153879932624447
404,0.2753268714059814,0.5247159911856902,0.09703886938569892,0.014496815753283062,0.12040272319712317
405,0.2555535217385505,0.5055230180106051,0.11350620664308578,0.01991964710146538,0.1411369799218666
406,-0.008557531032287536,,0.10141333211508163,0.014876570980850403,0.12196954940004658
407,0.015492859388182744,0.12447031528915939,0.11267200662704557,0.01998866107066144,0.14138126138446155
408,-0.026740661460936364,,0.1154624927294006,0.02074021192206892,0.1440146239868331
409,0.12406113084930907,0.35222312651117765,0.1169550364950344,0.020697457133863312,0.14386610835726152
410,-0.11823148133008902,,0.11298435056505611,0.019113490950448446,0.13825154954085847
411,-0.035998891053314,,0.11892843276519924,0.022360866439575345,0.14953550227145174
412,0.18847787511009692,0.4341403864075501,0.1012290886321213,0.01581329863943525,0.12575093892069059
413,-0.06523574238651128,,0.12832905814952017,0.027240600004134842,0.16504726596988767
414,-0.03374164037969367,,0.11369413953491843,0.019527213068642392,0.13973980488265464
415,0.043441823890066365,0.20842702293624588,0.12087333398107739,0.021565613936945928,0.14685235420975018
416,0.26688351253140785,0.5166076969339577,0.10498214016367187,0.01724417771689036,0.13131708844202403
417,-0.049238367243862345,,0.11104485675188092,0.021134238383684622,0.14537619606966135
418,0.12000474454180092,0.3464170096023013,0.09282339926045731,0.013597459433150905,0.11660814479765513
419,-0.31739605762422,,0.12257626301273397,0.02326269586425835,0.15252113251696747
420,0.007442642619540108,0.08627075181972224,0.12102245895792589,0.021673573725318956,0.1472194746808959
421,-0.06377304749013554,,0.12302039064595878,0.022192336358659807,0.14897092454119967
422,-0.012564174395335036,,0.11034423596083101,0.0192798260164564,0.13885181315509135
423,0.009477206134163963,0.09735094316011511,0.11814800601004319,0.022504174821202844,0.1500139154252126
424,0.11316670697593592,0.33640259656538907,0.09119613673170789,0.012878299154408824,0.11348259405921607
425,0.048067592582092075,0.21924322699251642,0.10851532594284355,0.01761933187358116,0.13273783135783543
426,0.011810824891766636,0.10867761909319984,0.09733754009562061,0.014684292313532887,0.1211787618088784
427,0.04361128983666614,0.20883316268415353,0.0984605379687596,0.01573811335074455,0.12545163749726246
428,0.018792981363231508,0.13708749528396638,0.10214934695758442,0.01669616453237169,0.12921363911124742
429,0.19105288755471178,0.4370959706457059,0.10132900217648304,0.01598643516233524,0.12643747530829313
430,0.2806105032243719,0.529726819430895,0.10342189821336079,0.016139178629997676,0.12704006702610668
431,-0.16865368717290363,,0.11862328140619957,0.02230249405972126,0.1493401957268078
432,0.19027106655019646,0.43620071819083067,0.12033848494378327,0.022556361496601986,0.15018775414993724
433,0.13411437696279577,0.3662162980573035,0.0954102281825834,0.01402224095659138,0.11841554355992029
434,0.02549371511452152,0.15966751427426157,0.11753570833110774,0.022945541942941582,0.15147785958001117
435,-0.024881612985501244,,0.10849911004560106,0.018275906327927433,0.13518841047932856
436,0.12247450604556254,0.34996357817001833,0.09362412065357706,0.013844358997937695,0.11766205419733966
437,0.05657678746923409,0.23785875529236694,0.11158311163328546,0.019881031016541935,0.14100010998769447
438,0.12264825416552701,0.3502117276242002,0.10030332752506618,0.017223601703556416,0.13123872029076028
439,-0.12081029902132052,,0.12239009265448417,0.02266798000576342,0.15055889215108956
440,0.1425151923744558,0.37751184401877486,0.10616920609408131,0.017636722732236217,0.1328033234984585
441,0.2926296562390661,0.5409525452745981,0.1017963655685425,0.016625723048582352,0.12894077341392968
442,0.016216929452679673,0.12734570841877504,0.10386517363923446,0.016906990780925262,0.1300268848389642
443,0.035237387204731976,0.1877162411852847,0.11253548022950141,0.021690577514855747,0.14727721315551753
444,0.0026361549513276294,0.051343499601484405,0.10613196744939542,0.017774538835788715,0.13332118674760104
445,-0.10297195493457253,,0.09323800980500305,0.01532187556270822,0.12378156390476015
446,-0.17057717149227267,,0.12205350142582165,0.02164405696449198,0.14711919305274884
447,-0.05207346873469774,,0.11287741482664075,0.019203936682516205,0.1385782691568783
448,0.10459236372672873,0.32340742682679496,0.09012847230189619,0.013589062373991226,0.11657213377986707
449,-0.009689360073159237,,0.12135829440829074,0.02150376780696597,0.14664163053841828
450,0.014924130428711546,0.12216435825850168,0.11338263154280051,0.02048741675977885,0.14313426130657483
451,0.01617884910906031,0.1271961049288079,0.11250121426275435,0.019219950290207125,0.1386360353234581
452,0.15675036931753195,0.3959171243044836,0.10943310917811111,0.01801169493512885,0.13420765602278006
453,-0.011533509513128593,,0.11517663589355213,0.019904319689452613,0.1410826696991966
454,0.32662518197142826,0.5715113139487513,0.08727764043402314,0.013115498102258946,0.11452291518407548
455,0.15009876732726163,0.38742582170947465,0.10159226752229086,0.017128217606636586,0.1308748165486263
456,-0.06049133454868973,,0.11552434139646839,0.020036934237611524,0.14155187825532914
457,-0.009221199765678256,,0.11562815162873774,0.02242700802654473,0.14975649577412237
458,-0.12376942438285148,,0.11297251022499913,0.019257311255198313,0.1387707146886486
459,-0.024524884384400036,,0.12334606375119803,0.025525555053791248,0.15976719016679003
460,0.2390631612933209,0.48894085664149695,0.09399884048243327,0.013437835607774442,0.11592167876533899
461,0.13646820728320821,0.3694160354982012,0.10862450601797509,0.018922358783179015,0.13755856492119645
462,0.1395614509347312,0.37357924317971847,0.10879741304671789,0.01775556132209491,0.1332499955800934
463,-0.04138059616370937,,0.10623267331409028,0.01781158150873193,0.13346003712247323
464,-0.2900220353781715,,0.1216622136289502,0.022139725158678646,0.14879423765280242
465,0.21998234573646114,0.4690227560966111,0.1284725298948934,0.026979925713837505,0.16425567178590061
466,-0.2335903586878787,,0.12970209751944947,0.02686542701485442,0.16390676317606429
467,0.1294681324688578,0.35981680403902455,0.12026057363688478,0.021657695020120927,0.14716553611535863
468,0.23275732377417874,0.48244929658377445,0.09390314871489051,0.013943158549712589,0.11808115238983988
469,0.10219414399618176,0.3196781881770819,0.10111125055378634,0.015621431257008263,0.12498572421284065
470,0.12868001288087913,0.3587199644303048,0.09228819947584602,0.01310642722635039,0.11448330544821979
471,0.06454381503809208,0.2540547481116857,0.10868422205972136,0.019051240778516703,0.13802623221154992
472,-0.003954313154220434,,0.09584866109125385,0.015148726093912098,0.12308016125238096
473,-0.10290285009748128,,0.11996474415231669,0.021152699106401548,0.1454396751454071
474,0.2059643475863838,0.45383295119061573,0.1030853221929863,0.01664237862679157,0.12900534340402947
475,0.15327344766919843,0.39150152958730366,0.10915433509293274,0.017493072132865273,0.13226137808470495
476,0.14607710890459608,0.382200351785024,0.11231043212755161,0.018782245707252926,0.13704833347127182
477,-0.021331965477511993,,0.12010682757618836,0.022304458504449856,0.14934677266164761
478,0.08277298755456361,0.28770295020135545,0.10911705409336317,0.02083286950612113,0.14433596054386838
479,0.11167119784264772,0.33417240736279785,0.11237533580751484,0.018856122310538924,0.13731759650729009
480,0.003763165876563268,0.0613446483123285,0.11458750775485618,0.02046442254536311,0.14305391482012336
481,0.28504205643882835,0.5338933006124242,0.09711265120113358,0.014789260051414472,0.12161110167831912
482,0.1663252105576805,0.4078298794321972,0.11173364983849647,0.019321407140600988,0.1390014645268207
483,0.021121029492369735,0.14533075893412836,0.12454918383705205,0.02249299141001408,0.14997663621382526
484,-0.22815512395434992,,0.10544775597350038,0.018365114629807302,0.13551794947462606
485,-0.04788461804495727,,0.10601145016397753,0.01822755337424941,0.13500945661045158
486,0.04264187613143473,0.20649909474725242,0.11701035468661361,0.02106330737074253,0.14513203426791252
487,0.008884456178973755,0.09425739323243432,0.12977587009534317,0.024866233603000637,0.15769030916007692
488,-0.008712231601286025,,0.11479478064584898,0.0211563534629049,0.14545223773770172
489,0.03266162943021585,0.18072528719085176,0.10102126549806226,0.015538347675223028,0.12465290881172018
490,0.24274478585398818,0.4926913697782702,0.10014411238665293,0.015343617646438212,0.12386935717294335
491,0.014366407544229553,0.11985994970893969,0.12553730894559176,0.024558912803338103,0.15671283547730896
492,0.140741833244596,0.3751557453173228,0.09507703572967667,0.014773065234686623,0.1215444989898211
493,0.2685511910583007,0.5182192499881693,0.09389789606300669,0.013930865583448939,0.11802908787010488
494,0.2980827537511847,0.5459695538683312,0.0858690790791032,0.011656920004071852,0.10796721726557489
495,-0.03837877305786384,,0.10298999758072144,0.016217288610798346,0.12734711858066655
496,0.1470674620167466,0.3834937574677671,0.10843018038966083,0.018098399253396562,0.1345302912112977
497,0.0034730968298103625,0.05893298592308354,0.11990476994836605,0.022160633357746824,0.14886447983903622
498,-0.20301413685878286,,0.09859495487453074,0.015032236902201828,0.12260602310735728
499,0.03035710285800568,0.17423289832292202,0.11585644172752271,0.02096638268898655,0.14479773026186063
500,0.018048491795842937,0.13434467535352093,0.11428761148011102,0.020576549965963857,0.14344528561777084
501,0.07620595299576453,0.2760542573404086,0.10292087354032023,0.01678076998345717,0.12954061132886927
502,0.20943032493057112,0.45763558092719486,0.10692039595122112,0.017171609106720383,0.13104048651741332
503,-0.07695135579972341,,0.10809178886386965,0.017408304379725757,0.13194053349795792
504,0.2086973231659001,0.45683402146282853,0.12416019941938006,0.025139339568336194,0.15855390114511908
505,0.16272483386352615,0.4033916631061259,0.11661018420728139,0.020556637005280314,0.1433758592137474
506,0.10371299062692971,0.322045013355167,0.09300155078719358,0.013786676423886026,0.11741667864441588
507,0.09158192344182485,0.30262505422027575,0.11359090502989785,0.021892372768891992,0.14796071359956328
508,0.20938108167187025,0.4575817759394164,0.11210922813140536,0.020296626625898064,0.1424662297735785
509,-0.006402018024719891,,0.10789627794287315,0.018076281402987553,0.134448062102016
510,0.4025872454977232,0.6344976323814954,0.10876341471444428,0.018161380635763787,0.13476416673494399
511,0.16370960123875328,0.40461043145073916,0.10346274690020008,0.01663554727865877,0.1289788636895936
512,0.10698145178682719,0.327080191676028,0.10825713224837508,0.01770024214482533,0.13304225698936908
513,-0.03810172760476678,,0.117083964019898,0.022289409525520883,0.1492963814883699
514,0.11829760423568907,0.34394418767539753,0.11195693829022288,0.019974268048254622,0.1413303507681723
515,-0.35877207800971733,,0.13636691076288118,0.0281740001083916,0.16785112483505019
516,0.08574166416507263,0.29281677575759324,0.09577296757217904,0.014929444629885335,0.1221861065337845
517,0.05566666800799978,0.23593784776504123,0.11660515918103917,0.02053701060417385,0.14330739898614395
518,0.22869034421971102,0.4782157925243697,0.09568485368672955,0.01397305086369947,0.11820765991973392
519,-0.021993340491795244,,0.10934384853412127,0.01930989433606885,0.1389600458263772
520,0.0959192053363958,0.3097082584245951,0.13125060849486916,0.025682975965391465,0.16025909011781972
521,0.24772713748235758,0.4977219479612664,0.09535841055087856,0.014306485231533347,0.11960972047259932
522,0.12325784541598384,0.3510809670374967,0.11771169696456599,0.021113239971038096,0.14530395717611444
523,-0.09313694304859901,,0.12380859874496553,0.023233924273356892,0.15242678332024492
524,0.06431057167628725,0.2535952911161547,0.11460892077759488,0.019855485822323507,0.14090949514608128
525,-0.02524013417596056,,0.11791194623088593,0.020934903834117127,0.14468899002383398
526,0.005570719951067948,0.07463725578468135,0.1267194342366139,0.02445788110662558,0.15639015668073736
527,0.05293411273580906,0.23007414616990118,0.11292072352391207,0.02025311932217131,0.14231345446643937
528,0.035322367436854706,0.18794245778124405,0.10991244624792418,0.01834715272600489,0.13545166195364636
529,-0.02539333885664514,,0.12406079493514521,0.02345439661203634,0.15314828308549966
530,0.016776016090331948,0.1295222609837087,0.11562663524521981,0.021379266662559675,0.14621650612211903
531,-0.13598458620965878,,0.1111012760547975,0.018047611920519797,0.1343414006199124
532,-0.13493095632172492,,0.10410502051191457,0.017195847470727756,0.13113293816096608
533,-0.0335032780004539,,0.12992947807684407,0.024431669800954684,0.15630633320807794
534,-0.04572147761106269,,0.10401536515304204,0.01749537642440078,0.13227008892565537
535,-0.10923581450367029,,0.10314855131115733,0.015932779177219226,0.1262251131004414
536,0.14701197963516544,0.3834214125934615,0.0959948112609159,0.013433054249611248,0.11590105370362794
537,0.1172161973333468,0.34236851101312865,0.1126854670820899,0.019407911145439882,0.1393122792342437
538,0.16009604449309886,0.4001200376050903,0.10148696776893577,0.016236695858062443,0.12742329401668456
539,-0.03691358511998235,,0.11575136270298865,0.019849934080855725,0.1408897940975702
540,0.1615149404075057,0.40188921409700173,0.12163206563473161,0.02153334554630483,0.14674244630066935
541,0.08946830721567048,0.29911253269575727,0.11510286883164075,0.020953574400167582,0.1447534952951658
542,0.19122050426048953,0.43728766762909005,0.12482396501967438,0.02265849274987364,0.150527382060121
543,0.07586729420836107,0.27544018263202097,0.10231175866814861,0.016261320704885,0.1275198835667795
544,0.20200558053027357,0.44945030930045377,0.11047453973552604,0.0177272445663851,0.13314369893609349
545,0.13108001137822975,0.3620497360560145,0.10189035949738723,0.015737987948851014,0.12545113769452637
546,0.10192298811435092,0.31925379890355404,0.12273389672840636,0.02431819918694271,0.1559429356750177
547,-0.055146659432846024,,0.10540625309867102,0.017057870962419383,0.13060578456722116
548,-0.14324912252455588,,0.11284287859088596,0.021638773490171296,0.147101235515448
549,-0.02336282569900423,,0.11442987790441597,0.02141706361269788,0.14634569898940616
550,0.024310949579296203,0.15591968951770074,0.12005718373259885,0.022153508023785656,0.14884054563117421
551,-0.12558012807552124,,0.10118380604365904,0.01518899570720832,0.12324364367872413
552,0.12501215972651633,0.35357058662524,0.12505789061409095,0.025794392920984077,0.1606063290190772
553,0.045493882410053324,0.2132929497429611,0.11794522559807474,0.022131373961729497,0.14876617210148785
554,0.22817066700626915,0.47767213337839703,0.11809288872016248,0.021106108519410686,0.14527941533269842
555,-0.06387750171187015,,0.13958170689339472,0.029317251720667598,0.1712228130847861
556,-0.15803592705691927,,0.12041152541479531,0.022333385528140955,0.14944358644030514
557,0.3552020441281752,0.5959882919388393,0.09778730628576975,0.014777438409374876,0.12156248767352072
558,-0.15178255789506423,,0.11198957618667833,0.018889216603713822,0.13743804641988266
559,0.09477239869705065,0.30785126067153057,0.11228859835125111,0.020437810058343702,0.14296086897589738
560,0.04221029157709346,0.205451433621412,0.09658382000728569,0.015722606671922705,0.125389818852739
561,0.1519163847380862,0.389764524730107,0.11650680215152312,0.019863134867309014,0.1409366342272619
562,0.07371903041301872,0.27151248666132966,0.10097133048828197,0.017004429873834014,0.13040103478820256
563,0.06220699806992165,0.24941330772419032,0.09529978273820053,0.014441617440183675,0.12017328089131825
564,-0.05334280213624123,,0.10586840994277573,0.017493396182816832,0.13226260311522994
565,0.18127614496585068,0.42576536374610213,0.1265000504192469,0.02320865324251397,0.15234386512923312
566,0.12812750274762327,0.3579490225543622,0.11223736845493293,0.019424162150846802,0.13937059284815717
567,0.13210842141563578,0.36346722192741915,0.09791193194761864,0.015297569194046104,0.12368334242753187
568,-0.0320800480153552,,0.10551100639770868,0.017051893538434316,0.13058289910411056
569,-0.06600528963857248,,0.11122580267835558,0.020133739407797394,0.1418934086129352
570,0.14435039202745767,0.37993472074483753,0.1045073847200493,0.017277386845074176,0.13144347395391745
571,0.09704871082327707,0.3115264207467435,0.09748210524932273,0.014299606312155336,0.11958096132811166
572,0.012992636121334323,0.11398524519135941,0.11428976083535951,0.021420556509427018,0.14635763222130582
573,-0.13934819699418516,,0.12802773027090036,0.0246568943131368,0.1570251391119804
574,0.1074427954793851,0.32778467853056387,0.09370440556314244,0.013819194418382998,0.11755506972641801
575,-0.18866214293700406,,0.11076046504980983,0.02027012216111971,0.14237317921968207
576,0.14635188823298478,0.3825596531692604,0.1003031531060707,0.01669369320645007,0.1292040758120659
577,0.09191464350864234,0.30317427910138145,0.1118690650280921,0.019741340207141717,0.1405038796871521
578,-0.025424021450441935,,0.10693554088468757,0.018058203298236646,0.1343808144722923
579,0.09508151041085225,0.3083528991445552,0.11068335983336892,0.01870700061887766,0.136773537714273
580,-0.027875757668489952,,0.13082577801525028,0.025019665261986495,0.15817605780264754
581,0.1168636704050154,0.34185328783707114,0.11034561189991673,0.01911878521965968,0.1382706954479498
582,0.25423566517728036,0.5042178747102093,0.09411413737006151,0.013391455407834749,0.11572145612562412
583,-0.21719906257474642,,0.12977670402480207,0.026191006531783318,0.16183635726184434
584,0.11604567096781784,0.34065476800981054,0.11167809530491582,0.020225450621160858,0.14221621082408595
585,0.08629967529167563,0.29376806377085246,0.11590463510524104,0.020136842974364962,0.14190434445204617
586,0.06273875083909426,0.2504770465314023,0.10302710393175427,0.015956682691841934,0.12631976366286446
587,0.28448041710350047,0.533367056635016,0.11981655538068244,0.0204177178005103,0.14289057981725142
588,-0.2661469480265635,,0.1252461804076501,0.024652165525617463,0.15701008096812594
589,0.1447175382679709,0.3804175840677858,0.1106976948399713,0.01840457346488213,0.1356634566303031
590,-0.15134522908106743,,0.1071922056895099,0.01825970541362634,0.13512847743398257
591,0.0661702512109597,0.25723578913316025,0.11636277083943199,0.02165872617002811,0.147169039441141
592,0.0433979047135236,0.20832163765082973,0.1083235759942595,0.01829271291668459,0.13525055606793115
593,-0.032441166180693926,,0.10596259707998001,0.017535670420511452,0.13242231843806185
594,0.3353645880771571,0.5791067156208406,0.10128956418166717,0.014741432536870719,0.12141430120406212
595,0.159837179341395,0.3997964223719304,0.10065482576752975,0.015406235495066931,0.12412185744286512
596,0.07373497003704302,0.27154183846516733,0.10708610087110038,0.01722089955853877,0.13122842511643112
597,0.17267012672482956,0.41553595118212044,0.11494910603784192,0.020812206071568546,0.1442643617515031
598,0.3328996349247622,0.5769745530998418,0.1020781308707781,0.01694256199498758,0.13016359704228975
599,0.004750712920162448,0.06892541563285962,0.1231411015254706,0.02519130182713687,0.15871767963001748
600,0.06761108840844794,0.2600213229880349,0.12987253368501653,0.0262243476944934,0.16193933337671054
601,-0.01925129057637829,,0.11673757312904728,0.022015137348906665,0.14837498896008944
602,-0.05863451424269539,,0.11741720873810516,0.02312162596045861,0.15205796907909366
603,0.21151655625150495,0.4599092913298284,0.10858940513475104,0.018329830782260335,0.135387705432437
604,-0.3233422520680602,,0.1225809174294497,0.023944693458628295,0.15474072979868064
605,-0.0027673464300331354,,0.10579163962227649,0.018605740987949895,0.13640286282901065
606,0.034970363983510985,0.18700364697917254,0.12461298030499024,0.023152135142210716,0.15215825689791113
607,0.2733699864336518,0.5228479572817052,0.10661574406027072,0.016559292895739156,0.12868291609898788
608,0.11018787225613938,0.33194558628808335,0.10706144780091449,0.017634537743566655,0.13279509683556337
609,0.08915083062782869,0.29858136349716924,0.11239259556933032,0.018886158510600805,0.13742692061819914
610,-0.06152574987802413,,0.11665032646349882,0.020556569263618835,0.1433756229755213
611,0.07842273342889258,0.280040592466329,0.09924519858306326,0.015015828713011941,0.1225390905507787
612,0.006894425760429468,0.08303267887060774,0.1204875992584545,0.022334806901990894,0.1494483419178376
613,-0.07661002124839596,,0.10806503696505257,0.017761583270449247,0.13327259009432227
614,0.18919052049261403,0.43496036657678827,0.11737220985542571,0.021036317809585335,0.1450390216789445
615,0.03916209723807575,0.19789415665470206,0.11966205790992768,0.022284473645880366,0.14927985010000636
616,0.02094489230497896,0.14472350294606248,0.10666971672459488,0.018658803858467757,0.13659723225039283
617,0.05458167261594402,0.23362720863791533,0.11379706023109455,0.019960099675624784,0.14128021685864156
618,-0.0010372515741733147,,0.11419797416979427,0.02118512973064282,0.14555112411329163
619,0.17869686773317367,0.42272552292613425,0.10316119582475936,0.01679326088880972,0.12958881467476166
620,0.15754665156378983,0.39692146775374826,0.0989857763171496,0.015152597728555508,0.12309588834951193
621,0.01038234310295576,0.10189378343626151,0.1194808072029732,0.023004025444613836,0.15167077979826515
622,0.10585621986847793,0.3253555284123476,0.10232665501709728,0.017349802149322493,0.1317186476901524
623,-0.043778379570516536,,0.10091911843210648,0.015360121930386533,0.12393595898844909
624,-0.15938534765260792,,0.1339837657706057,0.027149362832384116,0.1647706370455128
625,-0.06449466986988237,,0.11066631017545348,0.02037608757573741,0.14274483379701491
626,-0.12009294678813534,,0.10440635743871196,0.01891666554849533,0.13753786950689376
627,0.08237041226878802,0.2870024603880392,0.10693360192393231,0.01822603736596928,0.13500384204151109
628,-0.2572227126588857,,0.11117924171623159,0.018036788649785897,0.13430111187099641
629,0.08259130628217745,0.2873870322094883,0.11547784217469695,0.01996157146390643,0.14128542551836842
630,0.05360858814798701,0.23153528488761063,0.10101962033899659,0.015884262619823192,0.12603278390888298
631,0.13367024219901444,0.36560941207662373,0.0974839361989905,0.01590908674500381,0.1261312282704161
632,-0.12772185239195522,,0.13000919427146831,0.026948168217695235,0.1641589723947346
633,0.16711416478456798,0.40879599409065637,0.11401380105190292,0.020014802506412833,0.14147368132063587
634,-0.17318544036071143,,0.10530346141096067,0.01612536404030852,0.12698568439122782
635,-0.060996441571745594,,0.13574627954785318,0.028998516715400748,0.17028950853003466
636,0.04519690885596339,0.21259564637114137,0.1135100796517365,0.01965717851912366,0.1402040602804486
637,-0.21712363655801087,,0.1206774498999735,0.022102509350394844,0.14866912709232824
638,-0.1277606298396053,,0.12300701279578234,0.023264847976255137,0.15252818748105262
639,-0.19864561749998105,,0.11245889774615266,0.0203250641876793,0.14256599940967446
640,0.1468789235743841,0.38324786180014636,0.11579688270259283,0.021418792927230406,0.14635160719045898
641,0.17058262826460852,0.4130164987801438,0.09655037440548904,0.014919377166044481,0.12214490233343543
642,0.06812576038651943,0.26100911935508964,0.1051387445164768,0.01660109547882853,0.12884523847945847
643,-0.10640590059509836,,0.12226670739401391,0.022633984955631542,0.1504459536033839
644,-0.14179759389745597,,0.12128847986385265,0.021800277632130566,0.147649170780369
645,-0.18021510936198112,,0.1357166134640771,0.029873279153151827,0.1728388820640536
646,0.22304082959702645,0.47227198688576316,0.11053218691504549,0.01874686043336229,0.13691917481989982
647,-0.3414935694119454,,0.14331005481772044,0.03035570102904226,0.1742288754169132
648,0.11532146131833583,0.3395901372512692,0.11732436742196821,0.02297633019926367,0.1515794517712202
649,0.018218797047197997,0.1349770241455856,0.11830907104013019,0.023143430450646447,0.15212965013647553
650,0.2302121558085557,0.4798042890685281,0.10520240374795117,0.01665190627498166,0.12904226545973865
651,0.08445422818012933,0.2906100964869069,0.11767539406807945,0.020839516995790473,0.14435898654323698
652,-0.0216932319894819,,0.10513245662074773,0.019219162620150155,0.13863319451037026
653,0.02979893218484102,0.172623672145048,0.11154204127477682,0.01953193089443413,0.13975668461449037
654,0.05804362852978948,0.24092245335333418,0.09822878522056365,0.015521246580371443,0.12458429507916093
655,0.23484086630766407,0.4846038240745362,0.09597874276375852,0.01373428677639231,0.11719337343208579
656,0.0931404999114966,0.30518928538121487,0.12252901394583485,0.02361293149813311,0.1536649976348977
657,0.004678895027354702,0.068402448986529,0.11118164063635724,0.01922444870372443,0.13865225819915242
658,-0.006506277178053743,,0.11282160742186256,0.018961362413845377,0.13770026294036397
659,-0.015597936214932284,,0.10853600154610421,0.018164094522761357,0.13477423538184646
660,0.20574788879382644,0.45359441001166056,0.10563623242575515,0.016919286673440996,0.13007415836145547
661,-0.11784097336132489,,0.1070491155482278,0.018354008172485003,0.13547696546824853
662,0.0737388716630591,0.2715490225779852,0.11342179308980804,0.019943351617606242,0.1412209319385984
663,0.26559100943610275,0.5153552264565702,0.10686166885065798,0.01706958699150255,0.1306506295105483
664,-0.024828762773992995,,0.11320187757199007,0.01911036591080991,0.13824024707302107
665,0.1496327022004718,0.3868238645694857,0.11481089284192736,0.02062707182661856,0.1436212791567411
666,0.03981008732960371,0.19952465343812456,0.101997626371684,0.01701401089766293,0.13043776637792803
667,0.1060414099987764,0.3256400006122964,0.11506921337693239,0.020922381450609547,0.14464571010095512
668,0.06168653657723215,0.2483677446393395,0.12079614624840976,0.023205282830625916,0.15233280287129858
669,0.1638546658063172,0.404789656249165,0.10305053757193368,0.01603397367687839,0.1266253279438138
670,0.14355465027681144,0.37888606503381916,0.11689109491163459,0.020281680072828445,0.14241376363550134
671,0.3103078716883514,0.5570528446102321,0.10928423141487272,0.01809910837493428,0.13453292673146705
672,0.004149658618674357,0.06441784394617968,0.11137334628742293,0.01972128682276662,0.1404324991686989
673,0.024019238516799036,0.1549814134559336,0.11144894990706208,0.019069916354514348,0.13809386791061487
674,0.015669660292009648,0.125178513699475,0.12232130793744626,0.025066044635803315,0.15832259673149413
675,0.15489999741081417,0.393573369793758,0.10702341471432937,0.017654911808099187,0.13287178710358036
676,0.05597430837465731,0.23658890163035398,0.10068664242013292,0.015339394841987857,0.12385231060415408
677,0.21251516080052624,0.4609936667683475,0.10171877935252704,0.015180846229425421,0.12321057677580047
678,0.17132029907750645,0.41390856366775797,0.09811501307396645,0.015568615841328654,0.12477425953027593
679,0.09326835223014078,0.3053986775186507,0.11922069465796922,0.02116823182369684,0.14549306452094835
680,0.12238794590927285,0.3498398861040188,0.1130035041481593,0.020317380013435082,0.14253904732891645
681,0.18483021086027807,0.4299188421787048,0.11074013623750187,0.019766459949382753,0.140593242900869
682,0.15827078355566992,0.3978326074565406,0.11365716173422993,0.018905693190438586,0.1374979752230504
683,0.18264829312447992,0.42737371599629276,0.10274158331406802,0.0156983628667667,0.12529310781829422
684,0.09650102963887508,0.310646148598168,0.11561782964637664,0.019336746384400978,0.13905663013463607
685,0.06558970369971466,0.2561048685591796,0.10852271242922162,0.01832938026287076,0.1353860416101703
686,-0.08730765479359892,,0.12272510635161545,0.02258807165859474,0.15029328547408477
687,0.18947551329081308,0.4352878510719235,0.10977794390553175,0.01915849620756715,0.13841421967257247
688,-0.11109793628577554,,0.12162320497847934,0.023160248761622,0.15218491634068732
689,0.1503589601311166,0.3877614732424001,0.10252679710208301,0.016470275629096573,0.128336571674237
690,-0.266099983305493,,0.12692404696855006,0.023391386051215202,0.15294242724376778
691,0.11115363214864746,0.3333971087886748,0.11666960524558927,0.02119892991654253,0.14559852305755897
692,-0.07426297217259259,,0.11458856293556433,0.02057884263562231,0.14345327683821765
693,0.11699594582433404,0.34204670123293696,0.10614305567299823,0.01760940528953383,0.1327004343984368
694,-0.06475344089219708,,0.10151749333143008,0.01595074479132465,0.1262962580258206
695,0.18253720465605666,0.42724372980309105,0.10699342838608675,0.017496682075654118,0.1322750243834947
696,0.022384432989732694,0.14961428070118404,0.11101324454850195,0.018436748337142966,0.1357819882648025
697,0.21735957665040476,0.46621837871367183,0.11317287544891319,0.020729960405246505,0.14397902765766446
698,0.24243787729652055,0.49237981000089814,0.10577718779128979,0.017865592510588186,0.13366223292534127
699,-0.22703090976168014,,0.12813848963816132,0.026714655369651046,0.1634461849345253
700,0.025150142602485957,0.15858796487276694,0.10085674131186229,0.015705425039630537,0.12532128725651734
701,0.01660462258704467,0.1288589251353769,0.10252486792008694,0.018359315644667,0.13549655215047726
702,0.10398207950112785,0.32246252418091603,0.11609343613442127,0.020216710971136774,0.14218548087317767
703,0.24161063720439677,0.4915390495213954,0.10413330990697256,0.01644100441150534,0.12822248013318624
704,0.05886962451199884,0.24263063391088693,0.1322864244666298,0.025631613116728447,0.16009876050965682
705,0.06522863847734262,0.2553989790060693,0.10879573638853961,0.018990504142419457,0.13780603812032133
706,-0.03255185910115268,,0.12017683107708346,0.02403253881964953,0.15502431686561155
707,-0.002412074663115371,,0.11804739483623825,0.02309600620261011,0.15197370233895768
708,0.16702131909645151,0.4086824183843141,0.1263035129554352,0.023350946378559303,0.15281016451322635
709,0.12433791544370129,0.3526158184819582,0.10045384656697336,0.014939804146203195,0.12222849154842415
710,-0.1166981205632962,,0.1191445001122827,0.021348188367434823,0.14611019255149457
711,0.03616113651880899,0.19016081751719777,0.11249579191916774,0.01980489384432081,0.14072986123890271
712,0.19735097892520273,0.4442420274188415,0.10948280826836494,0.018892218531124452,0.13744896700639278
713,0.007141987699963148,0.08451028162278923,0.10719237981012808,0.018249070598061447,0.13508912094636433
714,0.07570518917774642,0.27514575987600903,0.11508731496352545,0.020970114214874352,0.14481061499377162
715,-0.03198972795273123,,0.10534646324135304,0.01711635650125311,0.13082949400365773
716,0.08990377072321698,0.2998395749783824,0.11655532575435759,0.02092725062742746,0.14466254051214314
717,0.1173045259002485,0.342497483056808,0.12246947005358097,0.02244181889073741,0.14980593743486073
718,-0.0966576393666018,,0.12494310387190163,0.024417826372685646,0.1562620439284142
719,-0.04200280709057454,,0.10997520909284311,0.020220958753462033,0.1422004175572703
720,0.03299928967094736,0.18165706611895768,0.11886232084124612,0.0222002486009037,0.14899747850518713
721,0.1282448881757351,0.3581129544930413,0.09883273449314442,0.016266213625310007,0.12753906705519688
722,0.03397821626643098,0.1843318102402051,0.11179171795089993,0.019362130026774102,0.13914787108243554
723,0.15851863721673415,0.39814399055710253,0.12809411793962888,0.02401311926715772,0.1549616703161066
724,0.10459189068896106,0.3234066954918544,0.11400965863959149,0.01912369339315091,0.13828844273167193
725,-0.11091743170811377,,0.12499094111483641,0.025213886686259485,0.15878881159029903
726,0.07141924832708305,0.26724379941746645,0.10624433292923738,0.018307538067372373,0.13530535121484433
727,0.05106514880233819,0.22597599165030383,0.10091090174673097,0.01728308904249551,0.131465162847408
728,0.30861063565749314,0.5555273491534806,0.10544996196573131,0.017003372978203826,0.13039698224347
729,0.17656400627264077,0.4201952002018119,0.12855267689544908,0.02387576336302396,0.15451784156861614
730,0.1496354932994373,0.38682747226565656,0.0937171446872138,0.013863955976178668,0.11774530129129854
731,0.08750342818941248,0.2958097837959598,0.12154195998695905,0.022823437785029883,0.15107427903197118
732,0.056150684936984316,0.23696135747624403,0.11571214805804679,0.02057497092178318,0.14343978151748274
733,0.11811214136511708,0.3436744700514094,0.11799074774670223,0.020359459931311157,0.1426865793664953
734,0.1088250907794206,0.32988648165607,0.10421163588919594,0.018536663237176752,0.13614941511874648
735,0.07696963381012775,0.2774340170385163,0.11410407279284136,0.01975771469032377,0.14056213818209998
736,-0.08297286681045997,,0.09928791949226082,0.015031176614106637,0.12260169906696496
737,0.18314076910057137,0.42794949363280166,0.1294806034255315,0.0240653333230678,0.1551300529332334
738,0.10474511889272284,0.3236435058713875,0.10945965274290022,0.017981068311463302,0.13409350585119065
739,-0.1388195265066992,,0.12100363814795867,0.021293138256861986,0.14592168535506292
740,-0.023001629844540905,,0.1369727924727347,0.02681087493947442,0.163740266701488
741,0.09313019639086897,0.30517240437311655,0.11575715248508231,0.019285864834841696,0.1388735570036344
742,-0.13822210655296843,,0.12184025753575856,0.02430194919602415,0.15589082460499126
743,0.06544548853613089,0.2558231587173665,0.1237762820340113,0.02301581274182999,0.15170963298956988
744,-0.027412103455836757,,0.10623944359038957,0.018385613618131166,0.1355935603859238
745,0.1413300735360208,0.3759389226137948,0.12424662233435232,0.02366739667031574,0.1538421160486157
746,-0.00022209153883705478,,0.11411797608321735,0.020211815637390766,0.14216826522607204
747,-0.007033062231286746,,0.11268094212131037,0.019107135920916805,0.13822856405575804
748,0.15864063669513495,0.3982971713370997,0.118638783430737,0.021820679965398344,0.14771824520145893
749,-0.10406318531146286,,0.12891623504649535,0.02670946300298358,0.1634303001373478
750,0.11721179862294182,0.34236208701160503,0.11911334361228118,0.02230319599206837,0.14934254582023293
751,0.2089641974060307,0.4571260191741777,0.12057276640774464,0.021112190114847818,0.1453003445104237
752,0.10469171627629181,0.32356099313157605,0.10935030285453387,0.01772860542014228,0.1331488093080155
753,-0.2937529229402605,,0.10967013744729634,0.01834500535928502,0.13544373503150678
754,0.07210196744397168,0.2685180951890797,0.09940721524844617,0.015444176256716244,0.12427460020742873
755,-0.16133844285275267,,0.11372982694056037,0.018919522582016124,0.13754825546700375
756,0.11071089463682046,0.3327324670614824,0.10080826930728533,0.016340667695574247,0.12783062111862808
757,0.030140706432537724,0.1736107900809674,0.11827767906407345,0.02084207190598885,0.14436783542738615
758,-0.037742236830875006,,0.11523763240467014,0.020168960301849295,0.14201746477757338
759,-0.023122629630714764,,0.10934530021856374,0.01768208795121917,0.13297401231526093
760,0.021927640009826454,0.14807984336102756,0.11020598560270453,0.018938780066706323,0.1376182403124903
761,-0.0046093946254424974,,0.1034607359509673,0.016582819423391577,0.12877429643912475
762,0.07885098235590352,0.2808041708306761,0.11258281761012075,0.01953317458593362,0.13976113403208212
763,0.05959240802406949,0.24411556284692193,0.11144438877553456,0.018905965701404008,0.1374989661830372
764,0.1604048664172894,0.4005057632759976,0.11181711459517667,0.019104650108346402,0.1382195720885664
765,0.03337991284776261,0.18270170455625917,0.10627696454968434,0.016690365270113163,0.12919119656583866
766,-0.004231545810257309,,0.10357067693173123,0.015891806594849817,0.12606270897791233
767,-0.0494610076632527,,0.13341696521415866,0.027107203815962867,0.16464265491045407
768,-0.1062038148551411,,0.13043927242332506,0.02512263673199256,0.1585012199700449
769,0.005275825629304398,0.07263487887581556,0.11088085461078039,0.018158541215562464,0.13475363154869877
770,-0.12202674932460225,,0.10801133262950946,0.01955015792728862,0.13982187928678622
771,-0.02158034294667912,,0.11036383427546999,0.019191718023430632,0.13853417637330737
772,0.21218790171996216,0.460638580364218,0.11764224572169224,0.021728725388636665,0.14740666670349975
773,0.00612739149146464,0.0782776563999245,0.11750753450215198,0.021191247761503756,0.14557213937255906
774,0.0474937349011824,0.21793057358063003,0.11183714009090193,0.01852204259042093,0.1360957111389662
775,0.029277974420217113,0.171108078185155,0.11682656757231931,0.021389955307014,0.14625305229982039
776,0.15297003363940134,0.39111383718733517,0.09651512765703471,0.014553304649804278,0.12063707825459086
777,0.09267592469610257,0.3044272075490339,0.09728384250346753,0.014280365063789524,0.11950048143748009
778,0.16209018688576762,0.4026042559210814,0.10990275042194657,0.019123288276617502,0.13828697797196055
779,0.10350361087337992,0.3217197707219435,0.1160350802994727,0.02007349084704334,0.14168094736782127
780,-0.026289754788016338,,0.1122799664660854,0.019385541993770763,0.13923197188063796
781,0.2664618247777213,0.5161994040850117,0.12083898269567843,0.020965488207058396,0.14479464149980964
782,0.04546981425904197,0.2132365218695943,0.11558543045034639,0.02055777393839511,0.1433798240283308
783,-0.13949861356916435,,0.11252926720687648,0.018833370613906185,0.13723472816275836
784,-0.08591308217165712,,0.12286060521852056,0.025184399226792185,0.1586959332396145
785,0.061795118041249375,0.24858623864013343,0.10409080652839955,0.017484223310818565,0.13222792182749665
786,-0.03104793057642987,,0.1156842179336716,0.021841072584619082,0.147787254472837
787,0.04592575670564107,0.2143029554290866,0.11191409978034103,0.018846170030498717,0.13728135354263782
788,-0.04078112423502267,,0.11778056226647275,0.021218732780230714,0.14566651221276192
789,-0.06995462053226702,,0.1151516142941071,0.02024462099262126,0.1422835935469064
790,0.12793262110398998,0.3576766991348332,0.10302348804819746,0.015185600582791104,0.12322986887435652
791,0.18381858084383357,0.42874069184512165,0.10693234782740939,0.018172751034255613,0.1348063464168346
792,0.0055185699445073014,0.07428707791067907,0.10220440131232802,0.01615877545871644,0.12711717216299473
793,0.00478231549844439,0.06915428763601278,0.1132172217109569,0.020188735561645677,0.14208707035351836
794,-0.017134582509095785,,0.10902342267927649,0.01899891403264061,0.1378365482469748
795,0.09448848604335794,0.30738979495643304,0.10147542247360945,0.016960146235532637,0.13023112621617244
796,0.10512839258188252,0.3242350884495423,0.09426875843631038,0.014909506879256957,0.12210449164243287
797,0.02428791205798102,0.15584579576613872,0.09763639356238175,0.016337410610469817,0.12781788063674746
798,-0.025561895337541406,,0.1190962995017456,0.021248561685765575,0.14576886391052643
799,0.04136186436603515,0.203376164694969,0.13789326298504123,0.026643232653797456,0.16322754869750833
800,-0.11461918826599753,,0.12748589839417218,0.025232921921750508,0.1588487391254665
801,-0.2027193700074253,,0.1147331701552147,0.021208054789410458,0.14562985541917722
802,0.19050413842622108,0.4364677976967156,0.11105493960344422,0.019040024154996026,0.1379855940125491
803,-0.030105475759287393,,0.10516402619229212,0.01680072797161036,0.12961762214919065
804,0.04023773483321711,0.20059345660618422,0.11681727653952126,0.020939957588917306,0.1447064531695712
805,0.013187952997988783,0.11483881311642324,0.11377972610415026,0.01965524981655664,0.14019718191374833
806,0.1466834731840366,0.382992784767594,0.11413736498223608,0.020671211680409245,0.14377486456404417
807,-0.17108670285326127,,0.1178739087528022,0.021624416574942507,0.14705242798044005
808,0.17230847355574785,0.41510055836597937,0.10858083710556818,0.018031360916370566,0.13428090302187637
809,-0.062495715171037934,,0.13620529803893486,0.0284059696237985,0.1685407061329651
810,-0.028597104221029235,,0.10380239711171906,0.01598535559928573,0.12643320607848924
811,-0.1824122155471993,,0.1175969822887413,0.02215797426546503,0.14885554831938588
812,0.053054767635927355,0.2303362056558355,0.09969507712466623,0.015481564580101997,0.12442493552380085
813,-0.010387819432899414,,0.1220107756583595,0.02382577792465317,0.1543560103288925
814,0.021728356372369584,0.14740541500355264,0.12516744273201957,0.024456206385538255,0.15638480228442359
815,0.1477640416274268,0.38440088661113514,0.11072986208939758,0.017738053574391444,0.13318428426203838
816,0.1818785683448826,0.42647223631191117,0.12439249015581455,0.023105047571489377,0.15200344591978623
817,-0.010299969269169273,,0.11458343245549027,0.020612540617309542,0.14357068160773473
818,0.09543210552217585,0.3089208725906617,0.10365609643649643,0.016350495547783877,0.1278690562559366
819,-0.07933112991459348,,0.13852507476424786,0.027548721493900547,0.1659780753409936
820,-0.002824051189730259,,0.11110010385411255,0.01959180934964126,0.13997074462058584
821,0.05726604667282877,0.23930325253290807,0.11304493106783683,0.0198941440855962,0.14104660253120668
822,-0.08976081725205558,,0.12007486017351296,0.02333626655011165,0.15276212406912798
823,0.11499100242982492,0.33910323270329484,0.10984214191148065,0.01999105393204647,0.14138972357298982
824,0.3337814574003534,0.5777382256700291,0.09331275484269594,0.013360084131910716,0.1155858301519296
825,0.08234828038867754,0.28696390084586865,0.11219667364563579,0.019038065405551082,0.1379784961707841
826,-0.055756150014817596,,0.11559809124067214,0.021349706272794904,0.14611538684476355
827,-0.18721308499243464,,0.13165443017011785,0.028091544894448782,0.1676053247795212
828,0.11713062391137137,0.34224351551398513,0.11217102540416626,0.020366219485733146,0.14271026412186738
829,0.16117143095936642,0.401461618289179,0.10245036043573139,0.016210747183104023,0.1273214325363331
830,-0.15511400305177642,,0.1243972249739099,0.023280900171262907,0.1525807988288923
831,0.1005775798479344,0.3171396850725787,0.1133338059295131,0.019260840116949816,0.13878342882689496
832,0.11586424521086933,0.34038837408300143,0.10884788476448884,0.018268140920555086,0.13515968674332995
833,0.10035744017931729,0.3167924244348613,0.09737591302749676,0.015078316035618562,0.12279379477652183
834,-0.030694011304575542,,0.1242209555240936,0.023370867598837348,0.15287533351995458
835,-0.06163550476346957,,0.10484609429835116,0.017835372786532133,0.13354913996927173
836,0.05319103891457684,0.2306318254590568,0.11646525782073791,0.020943644491505486,0.1447191918561788
837,0.06407580947964978,0.25313200010992243,0.09870910034279423,0.015331260605401931,0.12381946779647347
838,0.20304261698277334,0.4506025044124515,0.1070048883734942,0.017870264330570533,0.1336797079985236
839,-0.06443746763304184,,0.11690573687018105,0.02167224907315431,0.14721497570951914
840,0.09937082951042062,0.3152313904268111,0.11524626524282533,0.021077659790944746,0.14518147192718756
841,-0.07585419046661572,,0.12393180018331933,0.023377379798759677,0.15289663109028817
842,0.09520120272871054,0.30854692143774587,0.11533648091673061,0.020220620969785823,0.14219922984948202
843,0.0449459894111238,0.21200469195544658,0.10993221566994135,0.01974693661271971,0.1405237937600594
844,-0.018919238170054985,,0.10978397304774504,0.0188684710986154,0.1373625534802531
845,0.11416743692794847,0.33788672203557873,0.11149446269238213,0.01900425014178229,0.13785590354345473
846,0.0790026033194898,0.28107401751049454,0.11576668724871313,0.02076581905817097,0.14410350120025178
847,-0.0368183275629127,,0.10902009515515476,0.018436974548558898,0.13578282125717855
848,0.17856105669688857,0.4225648550185978,0.12232707269748147,0.021777405927275624,0.14757169758214353
849,0.18783942779190504,0.4334044621273586,0.10254101236569872,0.015993200914457363,0.12646422780556313
850,-0.0029266348741129765,,0.13180744962962884,0.025111185997729806,0.15846509394099953
851,-0.1784104016978202,,0.11230522519309297,0.019421173979007177,0.13935987219787185
852,0.09188551188367819,0.3031262309396503,0.10655073682746177,0.01756638410573707,0.13253823639137904
853,-0.03071179834818072,,0.11155268645835581,0.018436032298699084,0.13577935151818588
854,0.03325764496166208,0.18236678689295943,0.11204968562367441,0.019404824144281012,0.13930119936411536
855,-0.09311098742659885,,0.11338561299872314,0.021006180568085613,0.1449350908789366
856,0.06103243155032725,0.24704742773469074,0.12065743553337276,0.021495800964416677,0.14661446369446868
857,0.08914415865449118,0.29857019049880246,0.12119350935724715,0.02218588137354292,0.1489492577139709
858,-0.19424099864352612,,0.12768254986784625,0.02665944830745386,0.16327721306861487
859,0.0076610630788547015,0.08752749898663106,0.09372266394511877,0.01365351543090817,0.11684825814237955
860,0.06055877821868836,0.24608693223876874,0.11638253272298413,0.022302757277803124,0.14934107699425206
861,0.19780137160077832,0.4447486611568137,0.10669609655001033,0.017618273998576853,0.13273384646945502
862,-0.10306620322978044,,0.12409000366864317,0.022457330174168677,0.1498576997493578
863,0.14101314320192282,0.3755171676527224,0.10579321562412232,0.016705878585236648,0.129251222761089
864,0.06315403346146972,0.25130466263376355,0.12107587520119929,0.02292974974882868,0.15142572353741182
865,0.15891344265545052,0.39863948958357165,0.110448708681405,0.019310560537280412,0.13896244290195972
866,0.10617015914341232,0.32583762696074914,0.0984072325831207,0.014836719013603977,0.1218060713330989
867,0.0770451469035367,0.27757007566295167,0.10066488417437211,0.016485925220243777,0.12839752809241997
868,0.31888850946309316,0.5647021422511987,0.10079291581404246,0.01543657259423122,0.12424400425868132
869,-0.1119806869683719,,0.11974105060739682,0.023327094657530058,0.15273210093994666
870,0.16942769709674396,0.4116159582629711,0.10145976140001174,0.01612786019523246,0.12699551250037325
871,0.11563885176738589,0.34005713015225236,0.11894377258846503,0.021680975731556355,0.1472446118931228
872,0.17563070613308523,0.4190831732879349,0.09609090293437728,0.015037628241855672,0.12262800757516887
873,-0.1926796004006221,,0.11105914498005567,0.020451410381335498,0.14300842765842683
874,-0.18158544745025346,,0.10943592282221921,0.018874374714808385,0.13738404097568388
875,0.07936504958961872,0.28171803206330037,0.1053019718930002,0.01709083062684067,0.13073190363044773
876,0.10145532002684647,0.3185205174346646,0.1028417121268321,0.016224401776368507,0.12737504377376482
877,-0.07010174864123578,,0.10311353920297357,0.01731356695137027,0.13158102808296593
878,-0.026203679044138273,,0.12533195172356973,0.02504455232114522,0.15825470710580844
879,0.09054616882589842,0.300908904530754,0.1051855592785192,0.017260027730475795,0.13137742473680855
880,0.22307112865411013,0.4723040637704805,0.10333488138038846,0.01696404897234879,0.13024610924073238
881,-0.20146470474477707,,0.1285380508370606,0.02509739767642351,0.1584215821042812
882,0.1119518414277503,0.33459205224833166,0.0989851787656976,0.014919495205566924,0.12214538552711242
883,0.057422490007417615,0.23962990215625765,0.1215708234422758,0.023704567412233857,0.15396287673408113
884,0.13875806990556278,0.3725024428182489,0.10989218384097213,0.01876147421160019,0.13697253086513436
885,0.11270187586866869,0.3357110005178095,0.10732938833231069,0.017735471742688157,0.13317459120526015
886,0.21999209779879955,0.4690331521319144,0.10005312765638483,0.01588730117745474,0.12604483796433213
887,0.08576524758055697,0.29285704290755404,0.10526522809451064,0.016721917621374014,0.1293132538503846
888,0.13625547099818802,0.3691279872865075,0.10984545832835291,0.0191545961703048,0.1384001306730048
889,-0.02242922834053098,,0.14126264318813692,0.028558518303272173,0.16899265754248666
890,0.1533820256947864,0.3916401737498164,0.1266587105635149,0.022726113177446817,0.15075182644812904
891,0.05568884528969944,0.23598484122862518,0.11271114659896757,0.01963637586866667,0.1401298535953944
892,0.17418879584268948,0.4173593126344367,0.10498103804051073,0.017016783245005225,0.1304483930334338
893,0.024206553916435468,0.15558455552025552,0.1298877428207985,0.02558644840860618,0.1599576456709906
894,0.16844346858049472,0.4104186503809186,0.11474681969254381,0.021687337354717513,0.14726621253606514
895,0.054747971159725496,0.23398284372946127,0.11658292590333641,0.022242959781029373,0.14914073816710635
896,0.10281876858710133,0.32065365830924386,0.09783551732613012,0.014304098964692345,0.11959974483539815
897,0.17004628938793875,0.41236669286926986,0.09370481442184282,0.014311185408045643,0.1196293668295776
898,-0.16489351919604317,,0.14142709415091442,0.029533289989102218,0.17185252395324957
899,0.024152284550898108,0.1554100529274027,0.12092793149926513,0.02269178470836054,0.15063792586317876
900,0.17042608727400302,0.41282694591560154,0.11866064203355768,0.021557425858916145,0.14682447295637108
901,-0.09399351697072875,,0.1202232565535631,0.021383870614455958,0.14623224888668013
902,0.12032874971311376,0.3468843463074022,0.11160960237116493,0.018227754122905365,0.13501020006986644
903,-0.011457633221747688,,0.11825854373435904,0.0206404512903089,0.1436678505801103
904,0.004370752396833178,0.06611166611751045,0.11393935084021696,0.021020588857067854,0.1449847883643931
905,-0.00691634627530262,,0.09664151274743629,0.015362934264667918,0.12394730438645254
906,0.06588621093065425,0.2566830943608368,0.1171563021035386,0.021124076963263218,0.14534124315989325
907,-0.09409286906506371,,0.11226655631671482,0.01862799848082595,0.13648442578120754
908,0.16314869947495156,0.4039166986829729,0.12065952607711536,0.022831592235865922,0.1511012648387363
909,0.11055557425319937,0.33249898383784476,0.11488338186622075,0.02041898681220925,0.14289502024986472
910,0.06967658628347442,0.2639632290366869,0.1195692553744988,0.02158777989667956,0.14692780504955336
911,-0.05415919101450628,,0.11790422397800367,0.022103936183357303,0.14867392570103644
912,-0.027560347991061596,,0.10259062429296661,0.01690801071092037,0.13003080677639575
913,0.15137503377087422,0.3890694459487589,0.09282878932596406,0.013367305332089751,0.11561706332583331
914,0.0588821000091118,0.242656341374199,0.10957018254603593,0.0182149479618793,0.13496276509422628
915,0.2531140050679155,0.5031043679674382,0.09868604855413926,0.015714412168030344,0.12535713848054422
916,0.03096231674893619,0.1759611228338129,0.11011597166560354,0.018307542123744924,0.13530536620454092
917,0.0760375096988142,0.27574899763882044,0.10546835323579458,0.018185544247078335,0.13485378840462114
918,0.034473707223436637,0.1856709649445401,0.11244228186087153,0.020506932214918193,0.1432024169311335
919,0.29315109230243885,0.5414342917681136,0.08716713344168915,0.011692070978280913,0.10812988013625519
920,-0.12165956529113128,,0.13090132242425628,0.027891777516840716,0.16700831571164568
921,-0.08641312785445762,,0.10030414463509744,0.014845688479708758,0.12184288440327058
922,-0.25898003639388745,,0.13520487359542901,0.028512498967654187,0.16885644485080867
923,0.160969814469816,0.4012104366411921,0.10002572216675405,0.017132125059384145,0.13088974390449445
924,0.013340034252577038,0.1154990660246958,0.10130845245041757,0.016219707133134635,0.12735661401409287
925,-0.16156655164516529,,0.11993975470399221,0.023478692783938833,0.15322758493149605
926,0.06331273810759634,0.25162022595092853,0.09295162480860808,0.013758252752386638,0.1172955785713453
927,-0.20915127110449755,,0.1341238171465692,0.028927585282627472,0.1700811138328635
928,0.03314594770153576,0.18206028589875323,0.10504862583510963,0.0173976523374079,0.13190016049045544
929,-0.0009916242628351668,,0.1117526162959438,0.0197355465619905,0.14048326078928586
930,0.0510665859124372,0.22597917141284768,0.11292601967305924,0.018493882314124042,0.13599221416729726
931,0.009002197844529602,0.09487991275570189,0.11730866141821353,0.021421229933724893,0.146359932815388
932,0.15462362539331193,0.3932221069488743,0.11669796999619295,0.020400776578004355,0.14283128711176818
933,0.029856893800253092,0.17279147490618016,0.1036437082665413,0.01811534964043888,0.13459327487077086
934,0.19907183772463288,0.4461746717650307,0.09935654013947734,0.014953697086059339,0.12228531018098347
935,0.1382152063884257,0.3717730576419245,0.1059835845984034,0.01879501490623116,0.1370949120362647
936,0.23335771365765004,0.4830711269136772,0.09419557350062804,0.013910104166058479,0.117941104649984
937,0.1255246468836712,0.35429457642429585,0.0951078721100476,0.013493967639337339,0.11616353833857394
938,0.11986302733732965,0.34621240205591947,0.10788148121241008,0.018864313993135762,0.13734742077351056
939,0.08339079987093043,0.2887746524037912,0.11529158722029775,0.021741018223449576,0.14744835781876167
940,0.01631355750838086,0.12772453761271113,0.11809417025036986,0.021691261882355622,0.14727953653632816
941,-0.06753861486961787,,0.12120176330955797,0.02176425212773634,0.14752712336291365
942,-0.02427766813904788,,0.12356460159919633,0.0244285092713623,0.1562962228313989
943,0.010712165356820824,0.10349959109494503,0.10921701360519882,0.019061758188949802,0.1380643262720309
944,-0.07822025388940143,,0.10966041943940541,0.01798473415151195,0.1341071741239519
945,0.11496299620490144,0.33906193564731124,0.10668258581410217,0.018230814135306507,0.13502153211731271
946,0.18655332878280925,0.4319181968646485,0.10474579010728209,0.017054875794380468,0.13059431761903145
947,0.1845480453950739,0.4295905555235984,0.099250221253636,0.016284823316450748,0.12761200302655995
948,0.038420470148381014,0.19601140310803608,0.10782047419459946,0.01887431149560177,0.13738381089343013
949,0.15388116261620977,0.3922768953382416,0.11280901094138922,0.019496398711057034,0.1396295051593933
950,-0.09006318389018142,,0.12692063054030248,0.024919955942479692,0.1578605585397432
951,0.1806951913487435,0.42508257003639127,0.11342834758003248,0.01959802292487004,0.13999293883932162
952,0.1347631832828971,0.3671010532304383,0.11750606677921382,0.02057030783619857,0.1434235260903823
953,0.13512344979627097,0.3675914169241047,0.10918230829740472,0.018399808351261,0.13564589323404155
954,0.2295298171539651,0.4790927020462377,0.12716996937501585,0.025105941261817855,0.15844854452413837
955,-0.031779786874695314,,0.10067220150623143,0.015939345876207118,0.12625112227702023
956,0.11709576135528739,0.3421925793398907,0.12485718624944839,0.02338320678681028,0.15291568522166155
957,0.03659620151460108,0.19130133693887524,0.10071120500882669,0.017415125080975757,0.13196637860067145
958,0.1894725935370469,0.435284497239503,0.11632210115397076,0.021158980339428635,0.14546126748873267
959,0.11307957600852239,0.33627306762291026,0.10321213267219927,0.016185397832760635,0.1272218449510957
960,0.046201329752909984,0.21494494586500512,0.10845485303272515,0.018092317393728602,0.13450768525897916
961,0.03650073269029559,0.19105164927394788,0.1203834543599904,0.021744953286597646,0.14746170108403622
962,0.20589062637848682,0.45375172327880675,0.10942790971874843,0.018214755388769988,0.1349620516618282
963,0.19478419638571146,0.44134362619812634,0.11834792796224054,0.021557011164582845,0.14682306073836918
964,0.0960105244835733,0.30985565104347107,0.11469358883468588,0.021263436331760775,0.14581987632610574
965,-0.09208653149093737,,0.10877279698322417,0.01919688738460844,0.13855283246692737
966,0.003253230572324828,0.05703709821094362,0.12219447114635437,0.02368443936744625,0.1538974963001226
967,-0.14687983961515821,,0.11578689128294348,0.022286685195899717,0.14928725731253728
968,-0.01253453469262844,,0.10298319683207739,0.016342600618345395,0.12783818137921626
969,0.09144523459645662,0.3023991312759622,0.10570529491781902,0.018160364985819542,0.13476039843299492
970,0.07357552747856153,0.271248092119671,0.10143206192108108,0.016298115251520286,0.12766407188994203
971,-0.18403779315312385,,0.11202276339038308,0.019606336697217692,0.14002262923262687
972,0.12649120281995965,0.35565601755060977,0.10984751466651436,0.01768543742190871,0.13298660617486527
973,0.015798060759629327,0.12569033677904332,0.12581229251921577,0.025100032806087625,0.15842989871260924
974,0.1141216173416193,0.3378189120544013,0.11224026851039308,0.0204727946207039,0.1430831737861021
975,0.005598008244414032,0.0748198385751669,0.10339482450322382,0.016454352144226633,0.1282745186863963
976,0.11434439485836001,0.33814848049098195,0.11283134539474178,0.020172534094681567,0.14203004645032533
977,0.09362395124771092,0.30598031186288915,0.10779717754273803,0.01850119319431123,0.1360190912861545
978,0.02860791045690141,0.16913873139201857,0.09845204767918854,0.015941155595898943,0.12625828921658547
979,0.03203804154570944,0.17899173597043366,0.10644809799190895,0.017447398869349567,0.13208860234459885
980,0.10651461144368857,0.3263657632836027,0.10124725822072918,0.015580007495864984,0.12481990023976539
981,-0.08665427305725168,,0.11030244734795028,0.018825163118026147,0.13720482177396737
982,0.15128312639602043,0.3889513162286772,0.1031123698528879,0.017086769273193463,0.1307163695685948
983,0.027462801395207005,0.165719043550242,0.1081669594237584,0.017443104571384864,0.13207234597516948
984,0.09063889411127543,0.3010629404481319,0.10197022934924041,0.015791874411771406,0.12566572488857655
985,-0.03904970909522718,,0.10807168503047666,0.017939894318213735,0.1339398906906144
986,-0.13663740346306863,,0.11197251157168646,0.019691801055265988,0.14032747790531258
987,0.09326818456182089,0.3053984030112484,0.10497541844671124,0.017501515693235346,0.13229329421114036
988,-0.11012037500143776,,0.10974191068306335,0.01901934820153883,0.13791065296611002
989,0.11212500001613639,0.3348507130291593,0.11277795333403773,0.019607322779739242,0.14002615034249583
990,0.0944584402323265,0.3073409185779311,0.12228592187019685,0.022069983116502795,0.14855969546449263
991,0.11370282607275131,0.3371984965458051,0.1094848099088288,0.018597331116619965,0.13637203201763903
992,-0.041043153870726726,,0.11600627160557245,0.020819217848800413,0.14428866153929218
993,-0.014762444835116573,,0.11787613946601791,0.02167109240840615,0.14721104716836353
994,0.18969002254746065,0.4355341806878774,0.1087368686484009,0.017851271138745666,0.13360864919138157
995,-0.06301037749008238,,0.11378330290369745,0.020059767352321126,0.14163250810573513
996,-0.011159569084492626,,0.09974996152193707,0.016013415458239057,0.12654412455044706
997,-0.036370930706636106,,0.11769470337001038,0.021254118587967163,0.14578792332689003
998,0.04939429049942399,0.22224826320901586,0.1127542033360422,0.019234040071630557,0.13868684173933213
999,0.3227541421084833,0.5681145501643866,0.10859274238248014,0.01797721384672794,0.13407913277884795
